datahora;satelite;pais;estado;municipio;bioma;diasemchuva;precipitacao;riscofogo;latitude;longitude;frp;latitude1;longitude2
24/08/2021 16:43;AQUA_M-T;Brasil;DISTRITO FEDERAL;BRASILIA;Cerrado;32;0;1;-1.594.109;-4.814.801;119,3;-15,94109;-48,14801
24/08/2021 16:43;AQUA_M-T;Brasil;DISTRITO FEDERAL;BRASILIA;Cerrado;32;0;1;-1.570.608;-4.766.766;17;-15,70608;-47,66766
24/08/2021 16:43;AQUA_M-T;Brasil;DISTRITO FEDERAL;BRASILIA;Cerrado;32;0;-999;-1.565.332;-4.819.957;19,9;-15,65332;-48,19957
24/08/2021 16:43;AQUA_M-T;Brasil;DISTRITO FEDERAL;BRASILIA;Cerrado;32;0;-999;-1.565.131;-4.819.438;28,7;-15,65131;-48,19438
24/08/2021 16:43;AQUA_M-T;Brasil;DISTRITO FEDERAL;BRASILIA;Cerrado;32;0;1;-1.564.325;-4.820.105;388,2;-15,64325;-48,20105
24/08/2021 16:43;AQUA_M-T;Brasil;DISTRITO FEDERAL;BRASILIA;Cerrado;32;0;1;-156.417;-4.818.925;245,6;-15,6417;-48,18925
25/08/2021 17:26;AQUA_M-T;Brasil;DISTRITO FEDERAL;BRASILIA;Cerrado;33;0;1;-1.577.807;-4.766.196;104,9;-15,77807;-47,66196
25/08/2021 17:26;AQUA_M-T;Brasil;DISTRITO FEDERAL;BRASILIA;Cerrado;33;0;1;-1.577.523;-476.698;69,9;-15,77523;-47,6698
25/08/2021 17:26;AQUA_M-T;Brasil;DISTRITO FEDERAL;BRASILIA;Cerrado;33;0;1;-1.577.319;-4.763.591;27,2;-15,77319;-47,63591
25/08/2021 17:26;AQUA_M-T;Brasil;DISTRITO FEDERAL;BRASILIA;Cerrado;33;0;1;-1.577.054;-4.764.381;71,6;-15,77054;-47,64381
26/08/2021 16:33;AQUA_M-T;Brasil;DISTRITO FEDERAL;BRASILIA;Cerrado;34;0;1;-1.559.345;-4.785.731;66,1;-15,59345;-47,85731
27/08/2021 17:15;AQUA_M-T;Brasil;DISTRITO FEDERAL;BRASILIA;Cerrado;35;0;1;-15.528;-4.788.119;33,2;-15,528;-47,88119
27/08/2021 17:15;AQUA_M-T;Brasil;DISTRITO FEDERAL;BRASILIA;Cerrado;35;0;1;-1.552.773;-4.787.436;31,4;-15,52773;-47,87436
28/08/2021 16:20;AQUA_M-T;Brasil;DISTRITO FEDERAL;BRASILIA;Cerrado;36;0;1;-1.561.124;-4.817.529;88,2;-15,61124;-48,17529
28/08/2021 16:20;AQUA_M-T;Brasil;DISTRITO FEDERAL;BRASILIA;Cerrado;36;0;1;-1.560.349;-4.818.098;217,5;-15,60349;-48,18098
28/08/2021 16:20;AQUA_M-T;Brasil;DISTRITO FEDERAL;BRASILIA;Cerrado;36;0;1;-1.558.765;-4.818.489;406,8;-15,58765;-48,18489
28/08/2021 16:20;AQUA_M-T;Brasil;DISTRITO FEDERAL;BRASILIA;Cerrado;36;0;1;-155.754;-4.816.023;131,1;-15,5754;-48,16023
28/08/2021 16:20;AQUA_M-T;Brasil;DISTRITO FEDERAL;BRASILIA;Cerrado;36;0;1;-1.557.913;-4.819.424;80,1;-15,57913;-48,19424
28/08/2021 16:20;AQUA_M-T;Brasil;DISTRITO FEDERAL;BRASILIA;Cerrado;36;0;1;-1.558.398;-481.494;126;-15,58398;-48,1494
29/08/2021 17:02;AQUA_M-T;Brasil;DISTRITO FEDERAL;BRASILIA;Cerrado;37;0;1;-1.567.359;-4.766.943;40,2;-15,67359;-47,66943
31/08/2021 16:50;AQUA_M-T;Brasil;DISTRITO FEDERAL;BRASILIA;Cerrado;40;0;1;-1.591.408;-4.774.295;11,8;-15,91408;-47,74295
04/09/2021 16:26;AQUA_M-T;Brasil;DISTRITO FEDERAL;BRASILIA;Cerrado;43;0;1;-1.576.725;-4.799.562;206,9;-15,76725;-47,99562
07/09/2021 16:56;AQUA_M-T;Brasil;DISTRITO FEDERAL;BRASILIA;Cerrado;46;0;1;-1.567.037;-4.762.612;11,1;-15,67037;-47,62612
07/09/2021 16:56;AQUA_M-T;Brasil;DISTRITO FEDERAL;BRASILIA;Cerrado;46;0;1;-1.567.171;-4.763.538;12;-15,67171;-47,63538
07/09/2021 16:56;AQUA_M-T;Brasil;DISTRITO FEDERAL;BRASILIA;Cerrado;46;0;1;-160.351;-4.785.763;13;-16,0351;-47,85763
07/09/2021 16:56;AQUA_M-T;Brasil;DISTRITO FEDERAL;BRASILIA;Cerrado;46;0;1;-1.578.556;-4.803.763;65,8;-15,78556;-48,03763
07/09/2021 16:56;AQUA_M-T;Brasil;DISTRITO FEDERAL;BRASILIA;Cerrado;46;0;1;-1.578.689;-4.804.689;49,8;-15,78689;-48,04689
07/09/2021 16:56;AQUA_M-T;Brasil;DISTRITO FEDERAL;BRASILIA;Cerrado;46;0;1;-158.473;-4.808.487;82;-15,8473;-48,08487
07/09/2021 16:56;AQUA_M-T;Brasil;DISTRITO FEDERAL;BRASILIA;Cerrado;46;0;-999;-1.579.453;-4.803.624;24,7;-15,79453;-48,03624
07/09/2021 16:56;AQUA_M-T;Brasil;DISTRITO FEDERAL;BRASILIA;Cerrado;46;0;-999;-1.573.662;-4.776.105;11,7;-15,73662;-47,76105
07/09/2021 16:56;AQUA_M-T;Brasil;DISTRITO FEDERAL;BRASILIA;Cerrado;46;0;1;-1.573.528;-4.775.177;29,2;-15,73528;-47,75177
07/09/2021 16:56;AQUA_M-T;Brasil;DISTRITO FEDERAL;BRASILIA;Cerrado;46;0;1;-1.572.383;-4.799.704;32,8;-15,72383;-47,99704
07/09/2021 16:56;AQUA_M-T;Brasil;DISTRITO FEDERAL;BRASILIA;Cerrado;46;0;1;-1.571.513;-4.780.901;11,4;-15,71513;-47,80901
07/09/2021 16:56;AQUA_M-T;Brasil;DISTRITO FEDERAL;BRASILIA;Cerrado;46;0;1;-1.570.444;-4.773.479;13,1;-15,70444;-47,73479
09/09/2021 16:43;AQUA_M-T;Brasil;DISTRITO FEDERAL;BRASILIA;Cerrado;48;0;1;-1.578.139;-4.807.742;222,3;-15,78139;-48,07742
09/09/2021 16:43;AQUA_M-T;Brasil;DISTRITO FEDERAL;BRASILIA;Cerrado;48;0;1;-157.644;-4.810.385;255;-15,7644;-48,10385
09/09/2021 16:43;AQUA_M-T;Brasil;DISTRITO FEDERAL;BRASILIA;Cerrado;48;0;1;-157.629;-4.809.214;244;-15,7629;-48,09214
09/09/2021 16:43;AQUA_M-T;Brasil;DISTRITO FEDERAL;BRASILIA;Cerrado;48;0;1;-1.568.985;-4.785.107;30,8;-15,68985;-47,85107
09/09/2021 16:43;AQUA_M-T;Brasil;DISTRITO FEDERAL;BRASILIA;Cerrado;48;0;-999;-1.568.835;-4.783.978;9,1;-15,68835;-47,83978
10/09/2021 17:26;AQUA_M-T;Brasil;DISTRITO FEDERAL;BRASILIA;Cerrado;49;0;1;-1.581.237;-4.777.425;128,6;-15,81237;-47,77425
10/09/2021 17:26;AQUA_M-T;Brasil;DISTRITO FEDERAL;BRASILIA;Cerrado;49;0;1;-1.580.874;-4.778.274;129;-15,80874;-47,78274
04/06/2021 17:35;AQUA_M-T;Brasil;DISTRITO FEDERAL;BRASILIA;Cerrado;;;;-15.937;-48.119;48;-15,937;-48,119
04/06/2021 17:35;AQUA_M-T;Brasil;DISTRITO FEDERAL;BRASILIA;Cerrado;;;;-15.939;-48,11;39,8;-15,939;-48,11
07/07/2021 16:40;AQUA_M-T;Brasil;DISTRITO FEDERAL;BRASILIA;Cerrado;22;0;1;-15.686;-48.237;19;-15,686;-48,237
07/07/2021 16:40;AQUA_M-T;Brasil;DISTRITO FEDERAL;BRASILIA;Cerrado;22;0;0.9;-15.685;-48,23;101,6;-15,685;-48,23
07/07/2021 16:40;AQUA_M-T;Brasil;DISTRITO FEDERAL;BRASILIA;Cerrado;22;0;0.8;-15.685;-48.225;46,9;-15,685;-48,225
07/07/2021 16:40;AQUA_M-T;Brasil;DISTRITO FEDERAL;BRASILIA;Cerrado;21;0;1;-15.675;-48.226;12,3;-15,675;-48,226
11/09/2021 16:33;AQUA_M-T;Brasil;DISTRITO FEDERAL;BRASILIA;Cerrado;;;;-1.552.345;-4.804.238;47,5;-15,52345;-48,04238
11/09/2021 16:33;AQUA_M-T;Brasil;DISTRITO FEDERAL;BRASILIA;Cerrado;;;;-1.552.575;-4.806.184;40,8;-15,52575;-48,06184
11/09/2021 16:33;AQUA_M-T;Brasil;DISTRITO FEDERAL;BRASILIA;Cerrado;;;;-1.553.575;-4.803.916;58,8;-15,53575;-48,03916
11/09/2021 16:33;AQUA_M-T;Brasil;DISTRITO FEDERAL;BRASILIA;Cerrado;;;;-1.554.756;-4.748.462;56,6;-15,54756;-47,48462
11/09/2021 16:33;AQUA_M-T;Brasil;DISTRITO FEDERAL;BRASILIA;Cerrado;;;;-1.554.811;-4.803.651;154,4;-15,54811;-48,03651
11/09/2021 16:33;AQUA_M-T;Brasil;DISTRITO FEDERAL;BRASILIA;Cerrado;;;;-1.554.923;-4.803.146;83,1;-15,54923;-48,03146
11/09/2021 16:33;AQUA_M-T;Brasil;DISTRITO FEDERAL;BRASILIA;Cerrado;;;;-1.554.967;-4.750.217;45,2;-15,54967;-47,50217
11/09/2021 16:33;AQUA_M-T;Brasil;DISTRITO FEDERAL;BRASILIA;Cerrado;;;;-1.555.054;-4.805.669;108,6;-15,55054;-48,05669
11/09/2021 16:33;AQUA_M-T;Brasil;DISTRITO FEDERAL;BRASILIA;Cerrado;;;;-1.555.148;-4.805.145;171,5;-15,55148;-48,05145
11/09/2021 16:33;AQUA_M-T;Brasil;DISTRITO FEDERAL;BRASILIA;Cerrado;;;;-1.555.742;-4.746.572;38,4;-15,55742;-47,46572
11/09/2021 16:33;AQUA_M-T;Brasil;DISTRITO FEDERAL;BRASILIA;Cerrado;;;;-1.562.797;-4.774.183;53,2;-15,62797;-47,74183
11/09/2021 16:33;AQUA_M-T;Brasil;DISTRITO FEDERAL;BRASILIA;Cerrado;;;;-1.563.186;-4.773.441;51;-15,63186;-47,73441
11/09/2021 16:33;AQUA_M-T;Brasil;DISTRITO FEDERAL;BRASILIA;Cerrado;;;;-1.563.393;-4.775.233;87,6;-15,63393;-47,75233
11/09/2021 16:33;AQUA_M-T;Brasil;DISTRITO FEDERAL;BRASILIA;Cerrado;;;;-1.564.613;-4.775.042;29;-15,64613;-47,75042
11/09/2021 16:33;AQUA_M-T;Brasil;DISTRITO FEDERAL;BRASILIA;Cerrado;;;;-1.571.701;-4.814.062;27,7;-15,71701;-48,14062
11/09/2021 16:33;AQUA_M-T;Brasil;DISTRITO FEDERAL;BRASILIA;Cerrado;;;;-1.598.564;-4.743.524;45,3;-15,98564;-47,43524
11/09/2021 16:33;AQUA_M-T;Brasil;DISTRITO FEDERAL;BRASILIA;Cerrado;;;;-1.599.761;-4.743.345;279,2;-15,99761;-47,43345
11/09/2021 16:33;AQUA_M-T;Brasil;DISTRITO FEDERAL;BRASILIA;Cerrado;;;;-1.599.968;-4.745.074;16,5;-15,99968;-47,45074
12/09/2021 17:15;AQUA_M-T;Brasil;DISTRITO FEDERAL;BRASILIA;Cerrado;51;0;1;-1.557.837;-4.746.292;14,4;-15,57837;-47,46292
12/09/2021 17:15;AQUA_M-T;Brasil;DISTRITO FEDERAL;BRASILIA;Cerrado;51;0;1;-1.564.456;-4.773.472;105,2;-15,64456;-47,73472
12/09/2021 17:15;AQUA_M-T;Brasil;DISTRITO FEDERAL;BRASILIA;Cerrado;51;0;1;-1.564.718;-4.775.022;121,1;-15,64718;-47,75022
12/09/2021 17:15;AQUA_M-T;Brasil;DISTRITO FEDERAL;BRASILIA;Cerrado;51;0;1;-1.573.625;-4.733.152;128;-15,73625;-47,33152
12/09/2021 17:15;AQUA_M-T;Brasil;DISTRITO FEDERAL;BRASILIA;Cerrado;51;0;1;-157.388;-4.731.962;151,8;-15,7388;-47,31962
12/09/2021 17:15;AQUA_M-T;Brasil;DISTRITO FEDERAL;BRASILIA;Cerrado;51;0;1;-1.574.152;-4.733.606;131,1;-15,74152;-47,33606
12/09/2021 17:15;AQUA_M-T;Brasil;DISTRITO FEDERAL;BRASILIA;Cerrado;51;0;1;-1.574.784;-4.732.932;101;-15,74784;-47,32932
12/09/2021 17:15;AQUA_M-T;Brasil;DISTRITO FEDERAL;BRASILIA;Cerrado;51;0;1;-1.591.652;-4.742.402;52,4;-15,91652;-47,42402
12/09/2021 17:15;AQUA_M-T;Brasil;DISTRITO FEDERAL;BRASILIA;Cerrado;51;0;1;-1.591.914;-474.397;76,6;-15,91914;-47,4397
12/09/2021 17:15;AQUA_M-T;Brasil;DISTRITO FEDERAL;BRASILIA;Cerrado;51;0;1;-1.592.801;-4.742.191;133;-15,92801;-47,42191
12/09/2021 17:15;AQUA_M-T;Brasil;DISTRITO FEDERAL;BRASILIA;Cerrado;51;0;1;-1.593.057;-4.743.735;184,9;-15,93057;-47,43735
12/09/2021 17:15;AQUA_M-T;Brasil;DISTRITO FEDERAL;BRASILIA;Cerrado;51;0;1;-1.598.288;-4.782.326;48,2;-15,98288;-47,82326
12/09/2021 17:15;AQUA_M-T;Brasil;DISTRITO FEDERAL;BRASILIA;Cerrado;51;0;1;-1.598.533;-4.783.815;38,7;-15,98533;-47,83815
12/09/2021 17:15;AQUA_M-T;Brasil;DISTRITO FEDERAL;BRASILIA;Cerrado;54;0;1;-1.599.177;-4.746.959;23,3;-15,99177;-47,46959
12/09/2021 17:15;AQUA_M-T;Brasil;DISTRITO FEDERAL;BRASILIA;Cerrado;56;0;1;-1.599.445;-4.748.546;889,6;-15,99445;-47,48546
12/09/2021 17:15;AQUA_M-T;Brasil;DISTRITO FEDERAL;BRASILIA;Cerrado;60;0;1;-1.599.711;-4.750.121;552;-15,99711;-47,50121
12/09/2021 17:15;AQUA_M-T;Brasil;DISTRITO FEDERAL;BRASILIA;Cerrado;64;0;1;-1.603.128;-4.749.475;25;-16,03128;-47,49475
12/09/2021 17:15;AQUA_M-T;Brasil;DISTRITO FEDERAL;BRASILIA;Cerrado;69;0;1;-1.604.332;-4.750.185;49,8;-16,04332;-47,50185
12/09/2021 17:15;AQUA_M-T;Brasil;DISTRITO FEDERAL;BRASILIA;Cerrado;51;0;1;-1.604.446;-4.785.136;107,8;-16,04446;-47,85136
12/09/2021 17:15;AQUA_M-T;Brasil;DISTRITO FEDERAL;BRASILIA;Cerrado;72;0;1;-1.604.532;-4.750.868;41,3;-16,04532;-47,50868
12/09/2021 17:15;AQUA_M-T;Brasil;DISTRITO FEDERAL;BRASILIA;Cerrado;51;0;1;-1.604.696;-4.786.624;235,1;-16,04696;-47,86624
13/09/2021 16:20;AQUA_M-T;Brasil;DISTRITO FEDERAL;BRASILIA;Cerrado;;;;-1.553.691;-4.806.284;63,6;-15,53691;-48,06284
13/09/2021 16:20;AQUA_M-T;Brasil;DISTRITO FEDERAL;BRASILIA;Cerrado;;;;-1.554.624;-4.805.226;56,4;-15,54624;-48,05226
14/09/2021 17:02;AQUA_M-T;Brasil;DISTRITO FEDERAL;BRASILIA;Cerrado;53;0;1;-1.579.404;-4.808.415;10,9;-15,79404;-48,08415
14/09/2021 17:02;AQUA_M-T;Brasil;DISTRITO FEDERAL;BRASILIA;Cerrado;53;0;1;-1.596.955;-481.526;71,5;-15,96955;-48,1526
14/09/2021 17:02;AQUA_M-T;Brasil;DISTRITO FEDERAL;BRASILIA;Cerrado;53;0;-999;-158.024;-4.808.625;8,6;-15,8024;-48,08625
14/09/2021 17:02;AQUA_M-T;Brasil;DISTRITO FEDERAL;BRASILIA;Cerrado;53;0;1;-1.559.993;-475.266;26,1;-15,59993;-47,5266
14/09/2021 17:02;AQUA_M-T;Brasil;DISTRITO FEDERAL;BRASILIA;Cerrado;53;0;1;-1.590.733;-4.811.322;15,6;-15,90733;-48,11322
14/09/2021 17:02;AQUA_M-T;Brasil;DISTRITO FEDERAL;BRASILIA;Cerrado;53;0;1;-1.591.649;-4.811.165;10,3;-15,91649;-48,11165
14/09/2021 17:02;AQUA_M-T;Brasil;DISTRITO FEDERAL;BRASILIA;Cerrado;53;0;1;-1.555.058;-4.806.582;10,4;-15,55058;-48,06582
16/09/2021 16:50;AQUA_M-T;Brasil;DISTRITO FEDERAL;BRASILIA;Cerrado;55;0;1;-1.554.474;-4.810.429;78,4;-15,54474;-48,10429
16/09/2021 16:50;AQUA_M-T;Brasil;DISTRITO FEDERAL;BRASILIA;Cerrado;55;0;1;-1.554.339;-4.809.445;117,6;-15,54339;-48,09445
16/09/2021 16:50;AQUA_M-T;Brasil;DISTRITO FEDERAL;BRASILIA;Cerrado;55;0;1;-1.554.205;-4.808.462;51;-15,54205;-48,08462
16/09/2021 16:50;AQUA_M-T;Brasil;DISTRITO FEDERAL;BRASILIA;Cerrado;55;0;-999;-1.601.507;-4.804.436;36,4;-16,01507;-48,04436
16/09/2021 16:50;AQUA_M-T;Brasil;DISTRITO FEDERAL;BRASILIA;Cerrado;55;0;1;-1.596.823;-4.777.142;19,4;-15,96823;-47,77142
16/09/2021 16:50;AQUA_M-T;Brasil;DISTRITO FEDERAL;BRASILIA;Cerrado;55;0;1;-1.556.588;-4.812.099;71,5;-15,56588;-48,12099
16/09/2021 16:50;AQUA_M-T;Brasil;DISTRITO FEDERAL;BRASILIA;Cerrado;55;0;1;-1.556.452;-4.811.104;92,8;-15,56452;-48,11104
16/09/2021 16:50;AQUA_M-T;Brasil;DISTRITO FEDERAL;BRASILIA;Cerrado;55;0;1;-1.556.316;-4.810.117;103,5;-15,56316;-48,10117
16/09/2021 16:50;AQUA_M-T;Brasil;DISTRITO FEDERAL;BRASILIA;Cerrado;55;0;1;-155.618;-4.809.125;47,3;-15,5618;-48,09125
16/09/2021 16:50;AQUA_M-T;Brasil;DISTRITO FEDERAL;BRASILIA;Cerrado;55;0;1;-1.555.529;-4.811.256;19,2;-15,55529;-48,11256
16/09/2021 16:50;AQUA_M-T;Brasil;DISTRITO FEDERAL;BRASILIA;Cerrado;55;0;1;-1.555.394;-4.810.267;107;-15,55394;-48,10267
16/09/2021 16:50;AQUA_M-T;Brasil;DISTRITO FEDERAL;BRASILIA;Cerrado;55;0;1;-1.555.259;-4.809.277;40,3;-15,55259;-48,09277
16/09/2021 16:50;AQUA_M-T;Brasil;DISTRITO FEDERAL;BRASILIA;Cerrado;55;0;1;-1.591.841;-477.491;17,2;-15,91841;-47,7491
16/09/2021 16:50;AQUA_M-T;Brasil;DISTRITO FEDERAL;BRASILIA;Cerrado;55;0;1;-1.590.926;-477.505;31,1;-15,90926;-47,7505
16/09/2021 16:50;AQUA_M-T;Brasil;DISTRITO FEDERAL;BRASILIA;Cerrado;55;0;1;-1.589.209;-4.795.841;28,4;-15,89209;-47,95841
16/09/2021 16:50;AQUA_M-T;Brasil;DISTRITO FEDERAL;BRASILIA;Cerrado;55;0;1;-1.588.288;-4.795.984;8,3;-15,88288;-47,95984
16/09/2021 16:50;AQUA_M-T;Brasil;DISTRITO FEDERAL;BRASILIA;Cerrado;89;0;1;-158.599;-4.825.282;8,5;-15,8599;-48,25282
16/09/2021 16:50;AQUA_M-T;Brasil;DISTRITO FEDERAL;BRASILIA;Cerrado;69;0;1;-158.038;-4.818.914;9,2;-15,8038;-48,18914
16/09/2021 16:50;AQUA_M-T;Brasil;DISTRITO FEDERAL;BRASILIA;Cerrado;55;0;1;-1.576.781;-4.799.232;11,5;-15,76781;-47,99232
16/09/2021 16:50;AQUA_M-T;Brasil;DISTRITO FEDERAL;BRASILIA;Cerrado;55;0;1;-1.565.299;-4.789.587;11,9;-15,65299;-47,89587
16/09/2021 16:50;AQUA_M-T;Brasil;DISTRITO FEDERAL;BRASILIA;Cerrado;55;0;1;-1.565.168;-478.862;15;-15,65168;-47,8862
16/09/2021 16:50;AQUA_M-T;Brasil;DISTRITO FEDERAL;BRASILIA;Cerrado;55;0;1;-155.751;-4.811.945;36,2;-15,5751;-48,11945
16/09/2021 16:50;AQUA_M-T;Brasil;DISTRITO FEDERAL;BRASILIA;Cerrado;55;0;1;-1.557.374;-4.810.955;12,4;-15,57374;-48,10955
17/09/2021 17:34;AQUA_M-T;Brasil;DISTRITO FEDERAL;BRASILIA;Cerrado;56;0;1;-160.425;-4.824.005;40,2;-16,0425;-48,24005
17/09/2021 17:34;AQUA_M-T;Brasil;DISTRITO FEDERAL;BRASILIA;Cerrado;56;0;1;-1.603.684;-48,21;102,3;-16,03684;-48,21
17/09/2021 17:34;AQUA_M-T;Brasil;DISTRITO FEDERAL;BRASILIA;Cerrado;56;0;1;-1.602.726;-482.433;87,8;-16,02726;-48,2433
17/09/2021 17:34;AQUA_M-T;Brasil;DISTRITO FEDERAL;BRASILIA;Cerrado;56;0;1;-1.596.979;-4.816.569;40,9;-15,96979;-48,16569
17/09/2021 17:34;AQUA_M-T;Brasil;DISTRITO FEDERAL;BRASILIA;Cerrado;56;0;1;-1.552.806;-48.092;55,4;-15,52806;-48,092
18/09/2021 16:39;AQUA_M-T;Brasil;DISTRITO FEDERAL;BRASILIA;Cerrado;57;0;1;-1.568.904;-4.785.228;25,3;-15,68904;-47,85228
18/09/2021 16:39;AQUA_M-T;Brasil;DISTRITO FEDERAL;BRASILIA;Cerrado;57;0;1;-155.787;-4.815.354;55,7;-15,5787;-48,15354
18/09/2021 16:39;AQUA_M-T;Brasil;DISTRITO FEDERAL;BRASILIA;Cerrado;57;0;1;-1.557.681;-4.813.768;57,8;-15,57681;-48,13768
18/09/2021 16:39;AQUA_M-T;Brasil;DISTRITO FEDERAL;BRASILIA;Cerrado;57;0;1;-1.557.677;-4.814.505;85,3;-15,57677;-48,14505
18/09/2021 16:39;AQUA_M-T;Brasil;DISTRITO FEDERAL;BRASILIA;Cerrado;57;0;1;-1.569.083;-4.786.665;19,8;-15,69083;-47,86665
19/09/2021 17:22;AQUA_M-T;Brasil;DISTRITO FEDERAL;BRASILIA;Cerrado;58;0;1;-1.562.304;-4.787.748;54,4;-15,62304;-47,87748
19/09/2021 17:22;AQUA_M-T;Brasil;DISTRITO FEDERAL;BRASILIA;Cerrado;58;0;1;-1.561.964;-4.785.822;44,8;-15,61964;-47,85822
19/09/2021 17:22;AQUA_M-T;Brasil;DISTRITO FEDERAL;BRASILIA;Cerrado;58;0;1;-1.561.865;-4.786.558;44;-15,61865;-47,86558
19/09/2021 17:22;AQUA_M-T;Brasil;DISTRITO FEDERAL;BRASILIA;Cerrado;58;0;1;-1.558.934;-4.806.991;58,8;-15,58934;-48,06991
19/09/2021 17:22;AQUA_M-T;Brasil;DISTRITO FEDERAL;BRASILIA;Cerrado;58;0;1;-155.796;-4.801.394;35,1;-15,5796;-48,01394
19/09/2021 17:22;AQUA_M-T;Brasil;DISTRITO FEDERAL;BRASILIA;Cerrado;58;0;1;-1.556.826;-478.744;71,9;-15,56826;-47,8744
19/09/2021 17:22;AQUA_M-T;Brasil;DISTRITO FEDERAL;BRASILIA;Cerrado;58;0;-999;-1.556.483;-4.785.469;27,8;-15,56483;-47,85469
19/09/2021 17:22;AQUA_M-T;Brasil;DISTRITO FEDERAL;BRASILIA;Cerrado;58;0;1;-1.556.404;-4.777.491;29,1;-15,56404;-47,77491
19/09/2021 17:22;AQUA_M-T;Brasil;DISTRITO FEDERAL;BRASILIA;Cerrado;58;0;1;-1.556.061;-4.775.505;197,2;-15,56061;-47,75505
19/09/2021 17:22;AQUA_M-T;Brasil;DISTRITO FEDERAL;BRASILIA;Cerrado;58;0;1;-1.551.376;-4.808.595;58,3;-15,51376;-48,08595
19/09/2021 17:22;AQUA_M-T;Brasil;DISTRITO FEDERAL;BRASILIA;Cerrado;58;0;1;-1.603.577;-4.783.308;54,1;-16,03577;-47,83308
19/09/2021 17:22;AQUA_M-T;Brasil;DISTRITO FEDERAL;BRASILIA;Cerrado;58;0;1;-1.593.044;-4.805.713;41,6;-15,93044;-48,05713
19/09/2021 17:22;AQUA_M-T;Brasil;DISTRITO FEDERAL;BRASILIA;Cerrado;58;0;1;-1.592.908;-4.806.246;23,5;-15,92908;-48,06246
19/09/2021 17:22;AQUA_M-T;Brasil;DISTRITO FEDERAL;BRASILIA;Cerrado;58;0;1;-1.564.851;-4.787.482;92,9;-15,64851;-47,87482
19/09/2021 17:22;AQUA_M-T;Brasil;DISTRITO FEDERAL;BRASILIA;Cerrado;58;0;1;-1.564.495;-4.785.449;51,4;-15,64495;-47,85449
20/09/2021 16:26;AQUA_M-T;Brasil;DISTRITO FEDERAL;BRASILIA;Cerrado;59;0;1;-1.604.554;-478.243;31;-16,04554;-47,8243
20/09/2021 16:26;AQUA_M-T;Brasil;DISTRITO FEDERAL;BRASILIA;Cerrado;59;0;1;-1.559.482;-4.792.559;59,5;-15,59482;-47,92559
20/09/2021 16:26;AQUA_M-T;Brasil;DISTRITO FEDERAL;BRASILIA;Cerrado;59;0;1;-1.563.375;-4.789.274;177;-15,63375;-47,89274
20/09/2021 16:26;AQUA_M-T;Brasil;DISTRITO FEDERAL;BRASILIA;Cerrado;59;0;1;-1.559.227;-4.790.185;40,6;-15,59227;-47,90185
20/09/2021 16:26;AQUA_M-T;Brasil;DISTRITO FEDERAL;BRASILIA;Cerrado;58;0;1;-1.559.045;-4.793.097;42,1;-15,59045;-47,93097
20/09/2021 16:26;AQUA_M-T;Brasil;DISTRITO FEDERAL;BRASILIA;Cerrado;58;0;1;-1.558.768;-4.790.676;54,2;-15,58768;-47,90676
20/09/2021 16:26;AQUA_M-T;Brasil;DISTRITO FEDERAL;BRASILIA;Cerrado;59;0;1;-1.557.596;-4.805.536;54,4;-15,57596;-48,05536
20/09/2021 16:26;AQUA_M-T;Brasil;DISTRITO FEDERAL;BRASILIA;Cerrado;59;0;1;-1.554.303;-4.788.738;66,5;-15,54303;-47,88738
21/09/2021 17:09;AQUA_M-T;Brasil;DISTRITO FEDERAL;BRASILIA;Cerrado;60;0;1;-1.579.082;-4.796.997;47;-15,79082;-47,96997
21/09/2021 17:09;AQUA_M-T;Brasil;DISTRITO FEDERAL;BRASILIA;Cerrado;60;0;-999;-1.567.754;-4.783.969;38,4;-15,67754;-47,83969
21/09/2021 17:09;AQUA_M-T;Brasil;DISTRITO FEDERAL;BRASILIA;Cerrado;60;0;1;-1.555.906;-4.786.433;20,6;-15,55906;-47,86433
21/09/2021 17:09;AQUA_M-T;Brasil;DISTRITO FEDERAL;BRASILIA;Cerrado;60;0;1;-1.555.475;-4.790.204;27,8;-15,55475;-47,90204
21/09/2021 17:09;AQUA_M-T;Brasil;DISTRITO FEDERAL;BRASILIA;Cerrado;60;0;1;-1.555.282;-4.788.997;20,6;-15,55282;-47,88997
21/09/2021 17:09;AQUA_M-T;Brasil;DISTRITO FEDERAL;BRASILIA;Cerrado;60;0;1;-1.555.093;-4.787.811;53,5;-15,55093;-47,87811
21/09/2021 17:09;AQUA_M-T;Brasil;DISTRITO FEDERAL;BRASILIA;Cerrado;60;0;1;-1.554.471;-4.790.369;72,7;-15,54471;-47,90369
22/09/2021 16:13;AQUA_M-T;Brasil;DISTRITO FEDERAL;BRASILIA;Cerrado;61;0;1;-1.562.076;-4.793.097;142,4;-15,62076;-47,93097
22/09/2021 16:13;AQUA_M-T;Brasil;DISTRITO FEDERAL;BRASILIA;Cerrado;61;0;1;-1.562.021;-4.793.906;91,7;-15,62021;-47,93906
22/09/2021 16:13;AQUA_M-T;Brasil;DISTRITO FEDERAL;BRASILIA;Cerrado;61;0;1;-1.561.701;-4.789.218;183,3;-15,61701;-47,89218
22/09/2021 16:13;AQUA_M-T;Brasil;DISTRITO FEDERAL;BRASILIA;Cerrado;61;0;1;-1.561.615;-478.997;253;-15,61615;-47,8997
23/09/2021 16:56;AQUA_M-T;Brasil;DISTRITO FEDERAL;BRASILIA;Cerrado;78;0;1;-1.586.224;-4.819.946;10,9;-15,86224;-48,19946
23/09/2021 16:56;AQUA_M-T;Brasil;DISTRITO FEDERAL;BRASILIA;Cerrado;100;0;1;-1.581.765;-4.827.273;6,6;-15,81765;-48,27273
23/09/2021 16:56;AQUA_M-T;Brasil;DISTRITO FEDERAL;BRASILIA;Cerrado;62;0;1;-1.577.866;-4.813.371;10,8;-15,77866;-48,13371
23/09/2021 16:56;AQUA_M-T;Brasil;DISTRITO FEDERAL;BRASILIA;Cerrado;62;0;1;-1.556.958;-4.788.799;8,2;-15,56958;-47,88799
23/09/2021 16:56;AQUA_M-T;Brasil;DISTRITO FEDERAL;BRASILIA;Cerrado;62;0;1;-1.554.462;-4.778.477;12;-15,54462;-47,78477
23/09/2021 16:56;AQUA_M-T;Brasil;DISTRITO FEDERAL;BRASILIA;Cerrado;62;0;1;-1.554.328;-4.777.549;13,9;-15,54328;-47,77549
06/10/2021 16:26;AQUA_M-T;Brasil;DISTRITO FEDERAL;BRASILIA;Cerrado;;;;-1.564.948;-4.811.844;30;-15,64948;-48,11844
06/10/2021 16:26;AQUA_M-T;Brasil;DISTRITO FEDERAL;BRASILIA;Cerrado;;;;-1.565.225;-4.814.364;27,8;-15,65225;-48,14364
06/10/2021 16:26;AQUA_M-T;Brasil;DISTRITO FEDERAL;BRASILIA;Cerrado;;;;-1.600.277;-4.819.178;44,1;-16,00277;-48,19178
06/10/2021 16:26;AQUA_M-T;Brasil;DISTRITO FEDERAL;BRASILIA;Cerrado;;;;-1.600.487;-4.818.646;37,6;-16,00487;-48,18646
07/10/2021 17:09;AQUA_M-T;Brasil;DISTRITO FEDERAL;BRASILIA;Cerrado;;;;-159.346;-4.770.734;67,6;-15,9346;-47,70734
07/10/2021 17:09;AQUA_M-T;Brasil;DISTRITO FEDERAL;BRASILIA;Cerrado;;;;-1.593.656;-4.771.952;138,6;-15,93656;-47,71952
09/10/2021 16:56;AQUA_M-T;Brasil;DISTRITO FEDERAL;BRASILIA;Cerrado;8;0.1;1;-1.561.408;-4.792.188;8,4;-15,61408;-47,92188
04/04/2021 16:30;AQUA_M-T;Brasil;DISTRITO FEDERAL;BRASILIA;Cerrado;0;1.9;0.5;-15,75;-47.337;22,2;-15,75;-47,337
14/04/2021 17:05;AQUA_M-T;Brasil;DISTRITO FEDERAL;BRASILIA;Cerrado;2;0.6;0.3;-15.644;-47.931;7,6;-15,644;-47,931
16/04/2021 16:55;AQUA_M-T;Brasil;DISTRITO FEDERAL;BRASILIA;Cerrado;6;0;0.6;-15.725;-47.667;17,4;-15,725;-47,667
23/04/2021 17:00;AQUA_M-T;Brasil;DISTRITO FEDERAL;BRASILIA;Cerrado;2;0;0.6;-15.737;-48.053;27,1;-15,737;-48,053
04/05/2021 16:40;AQUA_M-T;Brasil;DISTRITO FEDERAL;BRASILIA;Cerrado;3;0;0.9;-15.919;-47.394;7;-15,919;-47,394
04/05/2021 16:40;AQUA_M-T;Brasil;DISTRITO FEDERAL;BRASILIA;Cerrado;3;0;1;-15.917;-47.383;16;-15,917;-47,383
04/05/2021 16:40;AQUA_M-T;Brasil;DISTRITO FEDERAL;BRASILIA;Cerrado;3;0;0.6;-15.691;-47,99;18,9;-15,691;-47,99
04/05/2021 16:40;AQUA_M-T;Brasil;DISTRITO FEDERAL;BRASILIA;Cerrado;3;0;0.6;-15,69;-47.978;103,5;-15,69;-47,978
04/05/2021 16:40;AQUA_M-T;Brasil;DISTRITO FEDERAL;BRASILIA;Cerrado;2;0;1;-15.652;-47.763;4,9;-15,652;-47,763
11/05/2021 16:50;AQUA_M-T;Brasil;DISTRITO FEDERAL;BRASILIA;Cerrado;10;0;0.8;-15.611;-48.096;3,5;-15,611;-48,096
20/05/2021 16:40;AQUA_M-T;Brasil;DISTRITO FEDERAL;BRASILIA;Cerrado;2;0;0.9;-15.658;-47.879;18;-15,658;-47,879
20/05/2021 16:40;AQUA_M-T;Brasil;DISTRITO FEDERAL;BRASILIA;Cerrado;2;0;0.9;-15.657;-47.868;33,5;-15,657;-47,868
25/05/2021 17:00;AQUA_M-T;Brasil;DISTRITO FEDERAL;BRASILIA;Cerrado;2;0;1;-15,99;-48.126;11,5;-15,99;-48,126
08/06/2021 17:15;AQUA_M-T;Brasil;DISTRITO FEDERAL;BRASILIA;Cerrado;19;0;1;-15.741;-47.671;25,8;-15,741;-47,671
10/06/2021 17:00;AQUA_M-T;Brasil;DISTRITO FEDERAL;BRASILIA;Cerrado;12;0;1;-15.734;-47.539;19,4;-15,734;-47,539
10/06/2021 17:00;AQUA_M-T;Brasil;DISTRITO FEDERAL;BRASILIA;Cerrado;12;0;1;-15.725;-47,54;8,9;-15,725;-47,54
28/06/2021 16:50;AQUA_M-T;Brasil;DISTRITO FEDERAL;BRASILIA;Cerrado;13;0;1;-15,95;-48.239;10;-15,95;-48,239
28/06/2021 16:50;AQUA_M-T;Brasil;DISTRITO FEDERAL;BRASILIA;Cerrado;13;0;0.9;-15.663;-47.898;8,9;-15,663;-47,898
28/06/2021 16:50;AQUA_M-T;Brasil;DISTRITO FEDERAL;BRASILIA;Cerrado;13;0;0.9;-15.662;-47.888;4,7;-15,662;-47,888
28/06/2021 16:50;AQUA_M-T;Brasil;DISTRITO FEDERAL;BRASILIA;Cerrado;13;0;1;-15.625;-47.687;8,3;-15,625;-47,687
30/06/2021 16:35;AQUA_M-T;Brasil;DISTRITO FEDERAL;BRASILIA;Cerrado;15;0;1;-15.752;-48.163;10,4;-15,752;-48,163
01/07/2021 17:20;AQUA_M-T;Brasil;DISTRITO FEDERAL;BRASILIA;Cerrado;16;0;1;-15.768;-47.792;19,3;-15,768;-47,792
03/07/2021 17:05;AQUA_M-T;Brasil;DISTRITO FEDERAL;BRASILIA;Cerrado;18;0;1;-15.855;-48.152;24,9;-15,855;-48,152
03/07/2021 17:05;AQUA_M-T;Brasil;DISTRITO FEDERAL;BRASILIA;Cerrado;18;0;1;-15.865;-48.151;11,3;-15,865;-48,151
03/07/2021 17:05;AQUA_M-T;Brasil;DISTRITO FEDERAL;BRASILIA;Cerrado;18;0;0.9;-15.635;-47.859;6,5;-15,635;-47,859
05/07/2021 16:55;AQUA_M-T;Brasil;DISTRITO FEDERAL;BRASILIA;Cerrado;20;0;1;-15,74;-48.139;22,5;-15,74;-48,139
05/07/2021 16:55;AQUA_M-T;Brasil;DISTRITO FEDERAL;BRASILIA;Cerrado;20;0;1;-15.524;-47.535;6,2;-15,524;-47,535
09/07/2021 16:30;AQUA_M-T;Brasil;DISTRITO FEDERAL;BRASILIA;Cerrado;24;0;1;-16.039;-47.959;32;-16,039;-47,959
09/07/2021 16:30;AQUA_M-T;Brasil;DISTRITO FEDERAL;BRASILIA;Cerrado;24;0;1;-16.042;-47.978;73,2;-16,042;-47,978
10/07/2021 17:15;AQUA_M-T;Brasil;DISTRITO FEDERAL;BRASILIA;Cerrado;25;0;1;-15.955;-47.767;28,4;-15,955;-47,767
10/07/2021 17:15;AQUA_M-T;Brasil;DISTRITO FEDERAL;BRASILIA;Cerrado;25;0;1;-15.952;-47.752;26,3;-15,952;-47,752
10/07/2021 17:15;AQUA_M-T;Brasil;DISTRITO FEDERAL;BRASILIA;Cerrado;25;0;1;-15.704;-47.786;9,3;-15,704;-47,786
12/07/2021 17:00;AQUA_M-T;Brasil;DISTRITO FEDERAL;BRASILIA;Cerrado;27;0;1;-15.962;-47.883;15,1;-15,962;-47,883
12/07/2021 17:00;AQUA_M-T;Brasil;DISTRITO FEDERAL;BRASILIA;Cerrado;27;0;1;-15.972;-47.881;8,7;-15,972;-47,881
12/07/2021 17:00;AQUA_M-T;Brasil;DISTRITO FEDERAL;BRASILIA;Cerrado;27;0;1;-15.961;-47.873;6,7;-15,961;-47,873
12/07/2021 17:00;AQUA_M-T;Brasil;DISTRITO FEDERAL;BRASILIA;Cerrado;27;0;1;-15.926;-47.828;5,6;-15,926;-47,828
12/07/2021 17:00;AQUA_M-T;Brasil;DISTRITO FEDERAL;BRASILIA;Cerrado;27;0;1;-15.763;-47.968;7;-15,763;-47,968
12/07/2021 17:00;AQUA_M-T;Brasil;DISTRITO FEDERAL;BRASILIA;Cerrado;27;0;-999;-15.604;-47.651;7,9;-15,604;-47,651
12/07/2021 17:00;AQUA_M-T;Brasil;DISTRITO FEDERAL;BRASILIA;Cerrado;27;0;1;-15.599;-47.659;6,9;-15,599;-47,659
18/07/2021 16:25;AQUA_M-T;Brasil;DISTRITO FEDERAL;BRASILIA;Cerrado;33;0;1;-16,05;-47,84;44,2;-16,05;-47,84
19/07/2021 17:05;AQUA_M-T;Brasil;DISTRITO FEDERAL;BRASILIA;Cerrado;34;0;1;-16,02;-48.098;6,7;-16,02;-48,098
19/07/2021 17:05;AQUA_M-T;Brasil;DISTRITO FEDERAL;BRASILIA;Cerrado;34;0;1;-15.711;-47.897;12,4;-15,711;-47,897
21/07/2021 16:55;AQUA_M-T;Brasil;DISTRITO FEDERAL;BRASILIA;Cerrado;36;0;1;-15.885;-48.146;26,3;-15,885;-48,146
21/07/2021 16:55;AQUA_M-T;Brasil;DISTRITO FEDERAL;BRASILIA;Cerrado;36;0;1;-15.656;-47.834;63,1;-15,656;-47,834
21/07/2021 16:55;AQUA_M-T;Brasil;DISTRITO FEDERAL;BRASILIA;Cerrado;36;0;-999;-15.647;-47.835;5,4;-15,647;-47,835
23/07/2021 16:40;AQUA_M-T;Brasil;DISTRITO FEDERAL;BRASILIA;Cerrado;38;0.5;1;-15.823;-48.266;19,8;-15,823;-48,266
23/07/2021 16:40;AQUA_M-T;Brasil;DISTRITO FEDERAL;BRASILIA;Cerrado;37;15.7;0.1;-15.687;-47.607;28,4;-15,687;-47,607
23/07/2021 16:40;AQUA_M-T;Brasil;DISTRITO FEDERAL;BRASILIA;Cerrado;37;15;0.1;-15.688;-47.619;14,3;-15,688;-47,619
24/07/2021 17:26;AQUA_M-T;Brasil;DISTRITO FEDERAL;BRASILIA;Cerrado;0;0;0.9;-1.594.001;-4.807.816;40,8;-15,94001;-48,07816
24/07/2021 17:26;AQUA_M-T;Brasil;DISTRITO FEDERAL;BRASILIA;Cerrado;0;0;0.4;-1.594.419;-4.810.113;38,9;-15,94419;-48,10113
26/07/2021 17:15;AQUA_M-T;Brasil;DISTRITO FEDERAL;BRASILIA;Cerrado;3;0;1;-1.602.543;-4.789.135;11,9;-16,02543;-47,89135
28/07/2021 17:02;AQUA_M-T;Brasil;DISTRITO FEDERAL;BRASILIA;Cerrado;5;0;0.9;-1.578.152;-477.872;10,6;-15,78152;-47,7872
28/07/2021 17:02;AQUA_M-T;Brasil;DISTRITO FEDERAL;BRASILIA;Cerrado;5;0;1;-1.566.609;-4.763.648;18,8;-15,66609;-47,63648
28/07/2021 17:02;AQUA_M-T;Brasil;DISTRITO FEDERAL;BRASILIA;Cerrado;5;0;1;-1.566.456;-4.762.637;12,2;-15,66456;-47,62637
28/07/2021 17:02;AQUA_M-T;Brasil;DISTRITO FEDERAL;BRASILIA;Cerrado;5;0;0.9;-1.565.671;-4.763.805;19,5;-15,65671;-47,63805
01/08/2021 16:39;AQUA_M-T;Brasil;DISTRITO FEDERAL;BRASILIA;Cerrado;9;0;1;-1.553.515;-4.765.065;13,3;-15,53515;-47,65065
02/08/2021 17:22;AQUA_M-T;Brasil;DISTRITO FEDERAL;BRASILIA;Cerrado;;;;-1.576.523;-4.788.502;14,5;-15,76523;-47,88502
04/08/2021 17:09;AQUA_M-T;Brasil;DISTRITO FEDERAL;BRASILIA;Cerrado;12;0.3;1;-160.375;-4.783.738;17,2;-16,0375;-47,83738
04/08/2021 17:09;AQUA_M-T;Brasil;DISTRITO FEDERAL;BRASILIA;Cerrado;12;0.7;1;-1.572.599;-4.813.101;38,3;-15,72599;-48,13101
12/08/2021 16:20;AQUA_M-T;Brasil;DISTRITO FEDERAL;BRASILIA;Cerrado;22;0;1;-1.586.195;-4.815.668;44,6;-15,86195;-48,15668
12/08/2021 16:20;AQUA_M-T;Brasil;DISTRITO FEDERAL;BRASILIA;Cerrado;25;0;1;-1.585.345;-48.165;48,9;-15,85345;-48,165
13/08/2021 17:02;AQUA_M-T;Brasil;DISTRITO FEDERAL;BRASILIA;Cerrado;21;0;1;-1.602.175;-4.813.761;11,1;-16,02175;-48,13761
13/08/2021 17:02;AQUA_M-T;Brasil;DISTRITO FEDERAL;BRASILIA;Cerrado;21;0;1;-1.601.258;-4.813.918;7,2;-16,01258;-48,13918
13/08/2021 17:02;AQUA_M-T;Brasil;DISTRITO FEDERAL;BRASILIA;Cerrado;21;0;0.9;-1.597.442;-4.813.533;7,4;-15,97442;-48,13533
13/08/2021 17:02;AQUA_M-T;Brasil;DISTRITO FEDERAL;BRASILIA;Cerrado;34;0;1;-1.589.359;-4.821.484;7,2;-15,89359;-48,21484
13/08/2021 17:02;AQUA_M-T;Brasil;DISTRITO FEDERAL;BRASILIA;Cerrado;33;0;1;-1.589.214;-4.820.515;8,1;-15,89214;-48,20515
13/08/2021 17:02;AQUA_M-T;Brasil;DISTRITO FEDERAL;BRASILIA;Cerrado;43;0;1;-1.586.614;-4.821.941;13,7;-15,86614;-48,21941
13/08/2021 17:02;AQUA_M-T;Brasil;DISTRITO FEDERAL;BRASILIA;Cerrado;40;0;1;-1.586.468;-4.820.978;10,9;-15,86468;-48,20978
13/08/2021 17:02;AQUA_M-T;Brasil;DISTRITO FEDERAL;BRASILIA;Cerrado;43;0;1;-1.577.334;-4.821.043;15,3;-15,77334;-48,21043
13/08/2021 17:02;AQUA_M-T;Brasil;DISTRITO FEDERAL;BRASILIA;Cerrado;21;0;1;-1.576.999;-4.800.084;44;-15,76999;-48,00084
13/08/2021 17:02;AQUA_M-T;Brasil;DISTRITO FEDERAL;BRASILIA;Cerrado;21;0;1;-1.563.513;-4.772.315;9,9;-15,63513;-47,72315
15/08/2021 16:50;AQUA_M-T;Brasil;DISTRITO FEDERAL;BRASILIA;Cerrado;23;0;1;-1.600.512;-4.816.758;16,9;-16,00512;-48,16758
15/08/2021 16:50;AQUA_M-T;Brasil;DISTRITO FEDERAL;BRASILIA;Cerrado;23;0;1;-1.596.189;-4.824.136;6,5;-15,96189;-48,24136
15/08/2021 16:50;AQUA_M-T;Brasil;DISTRITO FEDERAL;BRASILIA;Cerrado;23;0;1;-1.578.774;-4.771.089;36,7;-15,78774;-47,71089
15/08/2021 16:50;AQUA_M-T;Brasil;DISTRITO FEDERAL;BRASILIA;Cerrado;23;0;1;-1.577.991;-4.772.193;31,8;-15,77991;-47,72193
15/08/2021 16:50;AQUA_M-T;Brasil;DISTRITO FEDERAL;BRASILIA;Cerrado;23;0;1;-1.577.859;-4.771.226;25,7;-15,77859;-47,71226
17/08/2021 16:39;AQUA_M-T;Brasil;DISTRITO FEDERAL;BRASILIA;Cerrado;25;0;1;-157.824;-4.797.921;20;-15,7824;-47,97921
18/08/2021 17:22;AQUA_M-T;Brasil;DISTRITO FEDERAL;BRASILIA;Cerrado;26;0;1;-1.566.933;-476.744;30,7;-15,66933;-47,6744
19/08/2021 16:26;AQUA_M-T;Brasil;DISTRITO FEDERAL;BRASILIA;Cerrado;27;0;1;-1.577.988;-4.800.108;39,9;-15,77988;-48,00108
19/08/2021 16:26;AQUA_M-T;Brasil;DISTRITO FEDERAL;BRASILIA;Cerrado;27;0;1;-1.577.717;-4.797.622;31,8;-15,77717;-47,97622
19/08/2021 16:26;AQUA_M-T;Brasil;DISTRITO FEDERAL;BRASILIA;Cerrado;27;0;1;-1.577.343;-4.798.134;32,9;-15,77343;-47,98134
20/08/2021 17:09;AQUA_M-T;Brasil;DISTRITO FEDERAL;BRASILIA;Cerrado;28;0;1;-1.561.958;-4.819.327;57,4;-15,61958;-48,19327
22/08/2021 16:56;AQUA_M-T;Brasil;DISTRITO FEDERAL;BRASILIA;Cerrado;30;0;1;-157.018;-481.227;12,6;-15,7018;-48,1227
22/08/2021 16:56;AQUA_M-T;Brasil;DISTRITO FEDERAL;BRASILIA;Cerrado;30;0;1;-1.570.047;-4.811.344;8,9;-15,70047;-48,11344
16/01/2019 16:35;AQUA_M-T;Brasil;DISTRITO FEDERAL;BRASILIA;Cerrado;3;0;1;-15.591;-47.397;11,9;-15,591;-47,397
16/01/2019 16:35;AQUA_M-T;Brasil;DISTRITO FEDERAL;BRASILIA;Cerrado;3;0;0,8;-15.884;-47.579;13,4;-15,884;-47,579
16/01/2019 16:35;AQUA_M-T;Brasil;DISTRITO FEDERAL;BRASILIA;Cerrado;3;0;0,7;-15.889;-47.585;20,9;-15,889;-47,585
31/01/2019 17:30;AQUA_M-T;Brasil;DISTRITO FEDERAL;BRASILIA;Cerrado;4;0;-999;-15.651;-47.854;106,5;-15,651;-47,854
22/02/2019 16:55;AQUA_M-T;Brasil;DISTRITO FEDERAL;BRASILIA;Cerrado;0;4,6;0,1;-15.656;-48.028;23,5;-15,656;-48,028
02/06/2019 16:30;AQUA_M-T;Brasil;DISTRITO FEDERAL;BRASILIA;Cerrado;13;0;1;-15,92;-47.382;16,3;-15,92;-47,382
11/06/2019 16:25;AQUA_M-T;Brasil;DISTRITO FEDERAL;BRASILIA;Cerrado;5;0;1;-16.034;-48.104;22,4;-16,034;-48,104
21/06/2019 17:00;AQUA_M-T;Brasil;DISTRITO FEDERAL;BRASILIA;Cerrado;33;0;0,9;-15.557;-47.884;5,4;-15,557;-47,884
27/06/2019 16:25;AQUA_M-T;Brasil;DISTRITO FEDERAL;BRASILIA;Cerrado;25;0;1;-15.614;-47.806;30,2;-15,614;-47,806
27/06/2019 16:25;AQUA_M-T;Brasil;DISTRITO FEDERAL;BRASILIA;Cerrado;24;0;1;-15.642;-47.926;160,6;-15,642;-47,926
02/07/2019 16:40;AQUA_M-T;Brasil;DISTRITO FEDERAL;BRASILIA;Cerrado;25;0;1;-15,86;-48.145;64,6;-15,86;-48,145
02/07/2019 16:40;AQUA_M-T;Brasil;DISTRITO FEDERAL;BRASILIA;Cerrado;25;0;1;-15.861;-48.157;35,9;-15,861;-48,157
07/07/2019 17:00;AQUA_M-T;Brasil;DISTRITO FEDERAL;BRASILIA;Cerrado;2;0;1;-15.611;-47.961;7,3;-15,611;-47,961
07/07/2019 17:00;AQUA_M-T;Brasil;DISTRITO FEDERAL;BRASILIA;Cerrado;2;0;-999;-15.757;-47.772;6,6;-15,757;-47,772
07/07/2019 17:00;AQUA_M-T;Brasil;DISTRITO FEDERAL;BRASILIA;Cerrado;11;0;1;-16.047;-48.119;8;-16,047;-48,119
09/07/2019 16:50;AQUA_M-T;Brasil;DISTRITO FEDERAL;BRASILIA;Cerrado;4;0;1;-15.663;-47,9;7,6;-15,663;-47,9
09/07/2019 16:50;AQUA_M-T;Brasil;DISTRITO FEDERAL;BRASILIA;Cerrado;11;0;0,8;-16.003;-48.104;5,1;-16,003;-48,104
11/07/2019 16:35;AQUA_M-T;Brasil;DISTRITO FEDERAL;BRASILIA;Cerrado;9;0;1;-15.852;-48.238;13,2;-15,852;-48,238
11/07/2019 16:35;AQUA_M-T;Brasil;DISTRITO FEDERAL;BRASILIA;Cerrado;10;0;1;-15,85;-48.233;23,9;-15,85;-48,233
11/07/2019 16:35;AQUA_M-T;Brasil;DISTRITO FEDERAL;BRASILIA;Cerrado;13;0;1;-15,85;-48.223;12;-15,85;-48,223
16/07/2019 16:55;AQUA_M-T;Brasil;DISTRITO FEDERAL;BRASILIA;Cerrado;11;0;1;-16.014;-48.173;7,2;-16,014;-48,173
16/07/2019 16:55;AQUA_M-T;Brasil;DISTRITO FEDERAL;BRASILIA;Cerrado;11;0;1;-16.016;-48.182;8,5;-16,016;-48,182
14/07/2019 17:05;AQUA_M-T;Brasil;DISTRITO FEDERAL;BRASILIA;Cerrado;9;0;1;-16.034;-48.254;19,7;-16,034;-48,254
14/07/2019 17:05;AQUA_M-T;Brasil;DISTRITO FEDERAL;BRASILIA;Cerrado;19;0;1;-15.934;-48.012;5,2;-15,934;-48,012
14/07/2019 17:05;AQUA_M-T;Brasil;DISTRITO FEDERAL;BRASILIA;Cerrado;21;0;1;-15.934;-48.005;28,3;-15,934;-48,005
14/07/2019 17:05;AQUA_M-T;Brasil;DISTRITO FEDERAL;BRASILIA;Cerrado;23;0;1;-15.933;-47.994;8,3;-15,933;-47,994
14/07/2019 17:05;AQUA_M-T;Brasil;DISTRITO FEDERAL;BRASILIA;Cerrado;21;0;1;-15.932;-48.001;23,1;-15,932;-48,001
23/07/2019 17:00;AQUA_M-T;Brasil;DISTRITO FEDERAL;BRASILIA;Cerrado;0;0;1;-15.713;-48.149;25,5;-15,713;-48,149
23/07/2019 17:00;AQUA_M-T;Brasil;DISTRITO FEDERAL;BRASILIA;Cerrado;0;0;1;-15.714;-48.159;55;-15,714;-48,159
23/07/2019 17:00;AQUA_M-T;Brasil;DISTRITO FEDERAL;BRASILIA;Cerrado;0;0;0,9;-15.723;-48.158;5,3;-15,723;-48,158
16/07/2019 16:55;AQUA_M-T;Brasil;DISTRITO FEDERAL;BRASILIA;Cerrado;11;0;0,8;-15.777;-47.796;147,2;-15,777;-47,796
18/07/2019 16:40;AQUA_M-T;Brasil;DISTRITO FEDERAL;BRASILIA;Cerrado;13;0;1;-15.898;-47.756;19,6;-15,898;-47,756
18/07/2019 16:40;AQUA_M-T;Brasil;DISTRITO FEDERAL;BRASILIA;Cerrado;13;0;1;-15.932;-47.785;35,2;-15,932;-47,785
18/07/2019 16:40;AQUA_M-T;Brasil;DISTRITO FEDERAL;BRASILIA;Cerrado;18;0;1;-15.781;-48.112;21,2;-15,781;-48,112
18/07/2019 16:40;AQUA_M-T;Brasil;DISTRITO FEDERAL;BRASILIA;Cerrado;19;0;-999;-15.791;-48,11;65,2;-15,791;-48,11
18/07/2019 16:40;AQUA_M-T;Brasil;DISTRITO FEDERAL;BRASILIA;Cerrado;21;0;-999;-15.792;-48.122;12,5;-15,792;-48,122
18/07/2019 16:40;AQUA_M-T;Brasil;DISTRITO FEDERAL;BRASILIA;Cerrado;28;0;1;-15.887;-48.139;17,8;-15,887;-48,139
18/07/2019 16:40;AQUA_M-T;Brasil;DISTRITO FEDERAL;BRASILIA;Cerrado;13;0;1;-15.896;-47.745;45,2;-15,896;-47,745
27/07/2019 16:35;AQUA_M-T;Brasil;DISTRITO FEDERAL;BRASILIA;Cerrado;5;0;1;-15,67;-47.667;14,8;-15,67;-47,667
27/07/2019 16:35;AQUA_M-T;Brasil;DISTRITO FEDERAL;BRASILIA;Cerrado;5;0;1;-15.671;-47.681;219,9;-15,671;-47,681
01/08/2019 16:55;AQUA_M-T;Brasil;DISTRITO FEDERAL;BRASILIA;Cerrado;16;0;1;-15.917;-47,79;5,8;-15,917;-47,79
01/08/2019 16:55;AQUA_M-T;Brasil;DISTRITO FEDERAL;BRASILIA;Cerrado;15;0;1;-15.937;-48.119;5;-15,937;-48,119
03/08/2019 16:40;AQUA_M-T;Brasil;DISTRITO FEDERAL;BRASILIA;Cerrado;17;0,1;1;-15.977;-47.756;19,5;-15,977;-47,756
08/08/2019 17:00;AQUA_M-T;Brasil;DISTRITO FEDERAL;BRASILIA;Cerrado;2;0;1;-15.768;-47.652;19,7;-15,768;-47,652
08/08/2019 17:00;AQUA_M-T;Brasil;DISTRITO FEDERAL;BRASILIA;Cerrado;3;0;1;-15.769;-47.662;71,2;-15,769;-47,662
08/08/2019 17:00;AQUA_M-T;Brasil;DISTRITO FEDERAL;BRASILIA;Cerrado;2;0;1;-15.967;-47.751;26,5;-15,967;-47,751
08/08/2019 17:00;AQUA_M-T;Brasil;DISTRITO FEDERAL;BRASILIA;Cerrado;5;0;1;-15.969;-47.761;164,3;-15,969;-47,761
08/08/2019 17:00;AQUA_M-T;Brasil;DISTRITO FEDERAL;BRASILIA;Cerrado;8;0;1;-15,97;-47.771;8,4;-15,97;-47,771
07/08/2019 16:15;AQUA_M-T;Brasil;DISTRITO FEDERAL;BRASILIA;Cerrado;6;0;1;-15,97;-47.769;76,9;-15,97;-47,769
07/08/2019 16:15;AQUA_M-T;Brasil;DISTRITO FEDERAL;BRASILIA;Cerrado;8;0;1;-15.975;-47.775;53,6;-15,975;-47,775
10/08/2019 16:50;AQUA_M-T;Brasil;DISTRITO FEDERAL;BRASILIA;Cerrado;11;0;1;-15.744;-47.701;15,9;-15,744;-47,701
10/08/2019 16:50;AQUA_M-T;Brasil;DISTRITO FEDERAL;BRASILIA;Cerrado;14;0;1;-15.922;-48,19;16,1;-15,922;-48,19
10/08/2019 16:50;AQUA_M-T;Brasil;DISTRITO FEDERAL;BRASILIA;Cerrado;9;0;1;-15.973;-47.625;12,3;-15,973;-47,625
26/08/2019 16:50;AQUA_M-T;Brasil;DISTRITO FEDERAL;BRASILIA;Cerrado;51;0;-999;-15.845;-47.966;23,4;-15,845;-47,966
26/08/2019 16:50;AQUA_M-T;Brasil;DISTRITO FEDERAL;BRASILIA;Cerrado;20;0;1;-15.964;-47.753;21,4;-15,964;-47,753
26/08/2019 16:50;AQUA_M-T;Brasil;DISTRITO FEDERAL;BRASILIA;Cerrado;24;0;1;-15.965;-47.763;20,1;-15,965;-47,763
26/08/2019 16:50;AQUA_M-T;Brasil;DISTRITO FEDERAL;BRASILIA;Cerrado;72;0;1;-16,01;-47.899;23,6;-16,01;-47,899
26/08/2019 16:50;AQUA_M-T;Brasil;DISTRITO FEDERAL;BRASILIA;Cerrado;78;0;1;-16,03;-47.907;20;-16,03;-47,907
26/08/2019 16:50;AQUA_M-T;Brasil;DISTRITO FEDERAL;BRASILIA;Cerrado;82;0;1;-16.031;-47.916;9,9;-16,031;-47,916
26/08/2019 16:50;AQUA_M-T;Brasil;DISTRITO FEDERAL;BRASILIA;Cerrado;77;0;1;-16.011;-47.909;19,6;-16,011;-47,909
26/08/2019 16:50;AQUA_M-T;Brasil;DISTRITO FEDERAL;BRASILIA;Cerrado;73;0;1;-16.019;-47.898;76,8;-16,019;-47,898
26/08/2019 16:50;AQUA_M-T;Brasil;DISTRITO FEDERAL;BRASILIA;Cerrado;77;0;1;-16.021;-47.908;25;-16,021;-47,908
20/08/2019 17:25;AQUA_M-T;Brasil;DISTRITO FEDERAL;BRASILIA;Cerrado;14;0;1;-15.629;-47.605;30;-15,629;-47,605
19/08/2019 16:40;AQUA_M-T;Brasil;DISTRITO FEDERAL;BRASILIA;Cerrado;24;0;1;-15,92;-47.787;23;-15,92;-47,787
21/08/2019 16:30;AQUA_M-T;Brasil;DISTRITO FEDERAL;BRASILIA;Cerrado;18;0;1;-15.749;-47.674;17,8;-15,749;-47,674
21/08/2019 16:30;AQUA_M-T;Brasil;DISTRITO FEDERAL;BRASILIA;Cerrado;21;0;1;-15.751;-47.691;43,4;-15,751;-47,691
28/08/2019 16:35;AQUA_M-T;Brasil;DISTRITO FEDERAL;BRASILIA;Cerrado;27;0;1;-15.729;-48.153;22;-15,729;-48,153
31/08/2019 17:05;AQUA_M-T;Brasil;DISTRITO FEDERAL;BRASILIA;Cerrado;25;0;1;-15.577;-47.497;32,2;-15,577;-47,497
03/09/2019 17:35;AQUA_M-T;Brasil;DISTRITO FEDERAL;BRASILIA;Cerrado;80;0;1;-15.966;-47.987;84,9;-15,966;-47,987
02/09/2019 16:55;AQUA_M-T;Brasil;DISTRITO FEDERAL;BRASILIA;Cerrado;34;0,1;1;-15.694;-48.129;7,6;-15,694;-48,129
02/09/2019 16:55;AQUA_M-T;Brasil;DISTRITO FEDERAL;BRASILIA;Cerrado;37;0,1;1;-15.801;-48.173;11;-15,801;-48,173
02/09/2019 16:55;AQUA_M-T;Brasil;DISTRITO FEDERAL;BRASILIA;Cerrado;70;0,4;1;-15.953;-48.014;15,2;-15,953;-48,014
02/09/2019 16:55;AQUA_M-T;Brasil;DISTRITO FEDERAL;BRASILIA;Cerrado;70;0,4;1;-15.962;-48.012;20,5;-15,962;-48,012
02/09/2019 16:55;AQUA_M-T;Brasil;DISTRITO FEDERAL;BRASILIA;Cerrado;28;0,1;1;-15.988;-48.256;11;-15,988;-48,256
06/09/2019 16:30;AQUA_M-T;Brasil;DISTRITO FEDERAL;BRASILIA;Cerrado;38;0;1;-16.031;-48.203;42;-16,031;-48,203
06/09/2019 16:30;AQUA_M-T;Brasil;DISTRITO FEDERAL;BRASILIA;Cerrado;35;0;1;-16.034;-48.223;33,6;-16,034;-48,223
06/09/2019 16:30;AQUA_M-T;Brasil;DISTRITO FEDERAL;BRASILIA;Cerrado;38;0;1;-16.044;-48.201;25,6;-16,044;-48,201
04/09/2019 16:40;AQUA_M-T;Brasil;DISTRITO FEDERAL;BRASILIA;Cerrado;67;0;1;-15.873;-47.941;41,8;-15,873;-47,941
04/09/2019 16:40;AQUA_M-T;Brasil;DISTRITO FEDERAL;BRASILIA;Cerrado;68;0;1;-15.875;-47.953;39,6;-15,875;-47,953
04/09/2019 16:40;AQUA_M-T;Brasil;DISTRITO FEDERAL;BRASILIA;Cerrado;72;0;1;-15.885;-47.951;14,1;-15,885;-47,951
04/09/2019 16:40;AQUA_M-T;Brasil;DISTRITO FEDERAL;BRASILIA;Cerrado;73;0;1;-15.893;-47.938;44,7;-15,893;-47,938
04/09/2019 16:40;AQUA_M-T;Brasil;DISTRITO FEDERAL;BRASILIA;Cerrado;75;0;1;-15.895;-47,95;104,7;-15,895;-47,95
04/09/2019 16:40;AQUA_M-T;Brasil;DISTRITO FEDERAL;BRASILIA;Cerrado;79;0;1;-15.962;-47.992;40,1;-15,962;-47,992
04/09/2019 16:40;AQUA_M-T;Brasil;DISTRITO FEDERAL;BRASILIA;Cerrado;38;0;1;-16.028;-48.189;29,3;-16,028;-48,189
04/09/2019 16:40;AQUA_M-T;Brasil;DISTRITO FEDERAL;BRASILIA;Cerrado;56;0;1;-16.033;-47.837;19,1;-16,033;-47,837
05/09/2019 17:25;AQUA_M-T;Brasil;DISTRITO FEDERAL;BRASILIA;Cerrado;50;0;1;-15.617;-47.878;75,2;-15,617;-47,878
05/09/2019 17:25;AQUA_M-T;Brasil;DISTRITO FEDERAL;BRASILIA;Cerrado;50;0;1;-15.619;-47.873;78,1;-15,619;-47,873
05/09/2019 17:25;AQUA_M-T;Brasil;DISTRITO FEDERAL;BRASILIA;Cerrado;48;0;1;-15.631;-47.877;36,3;-15,631;-47,877
05/09/2019 17:25;AQUA_M-T;Brasil;DISTRITO FEDERAL;BRASILIA;Cerrado;47;0;1;-15.633;-47.871;26,9;-15,633;-47,871
05/09/2019 17:25;AQUA_M-T;Brasil;DISTRITO FEDERAL;BRASILIA;Cerrado;42;0;1;-15.791;-48.064;45,9;-15,791;-48,064
06/09/2019 16:30;AQUA_M-T;Brasil;DISTRITO FEDERAL;BRASILIA;Cerrado;46;0;1;-15.682;-47.761;25,4;-15,682;-47,761
12/09/2019 17:30;AQUA_M-T;Brasil;DISTRITO FEDERAL;BRASILIA;Cerrado;73;0;1;-15.964;-47.863;160,3;-15,964;-47,863
12/09/2019 17:30;AQUA_M-T;Brasil;DISTRITO FEDERAL;BRASILIA;Cerrado;74;0;1;-15.948;-47.867;58,4;-15,948;-47,867
12/09/2019 17:30;AQUA_M-T;Brasil;DISTRITO FEDERAL;BRASILIA;Cerrado;71;0;1;-15.958;-47.856;264;-15,958;-47,856
12/09/2019 17:30;AQUA_M-T;Brasil;DISTRITO FEDERAL;BRASILIA;Cerrado;62;0;1;-16.044;-47.831;72,2;-16,044;-47,831
06/09/2019 16:30;AQUA_M-T;Brasil;DISTRITO FEDERAL;BRASILIA;Cerrado;68;0;1;-15.531;-47.925;34,9;-15,531;-47,925
06/09/2019 16:30;AQUA_M-T;Brasil;DISTRITO FEDERAL;BRASILIA;Cerrado;47;0;1;-15.642;-47.884;23,3;-15,642;-47,884
11/09/2019 16:50;AQUA_M-T;Brasil;DISTRITO FEDERAL;BRASILIA;Cerrado;51;0;1;-15.607;-47.802;121;-15,607;-47,802
11/09/2019 16:50;AQUA_M-T;Brasil;DISTRITO FEDERAL;BRASILIA;Cerrado;53;0;1;-15.609;-47.812;42,8;-15,609;-47,812
11/09/2019 16:50;AQUA_M-T;Brasil;DISTRITO FEDERAL;BRASILIA;Cerrado;50;0;1;-15.615;-47.791;31,3;-15,615;-47,791
11/09/2019 16:50;AQUA_M-T;Brasil;DISTRITO FEDERAL;BRASILIA;Cerrado;51;0;1;-15.616;-47.801;26;-15,616;-47,801
11/09/2019 16:50;AQUA_M-T;Brasil;DISTRITO FEDERAL;BRASILIA;Cerrado;68;0;-999;-15,85;-48.034;11,1;-15,85;-48,034
11/09/2019 16:50;AQUA_M-T;Brasil;DISTRITO FEDERAL;BRASILIA;Cerrado;36;0;1;-15.917;-47.502;16,9;-15,917;-47,502
11/09/2019 16:50;AQUA_M-T;Brasil;DISTRITO FEDERAL;BRASILIA;Cerrado;39;0;1;-15.962;-47.761;20,1;-15,962;-47,761
11/09/2019 16:50;AQUA_M-T;Brasil;DISTRITO FEDERAL;BRASILIA;Cerrado;42;0;1;-15.963;-47.771;59,4;-15,963;-47,771
13/09/2019 16:35;AQUA_M-T;Brasil;DISTRITO FEDERAL;BRASILIA;Cerrado;41;0;1;-15.736;-48.134;58;-15,736;-48,134
13/09/2019 16:35;AQUA_M-T;Brasil;DISTRITO FEDERAL;BRASILIA;Cerrado;42;0;1;-15.737;-48,14;65,7;-15,737;-48,14
13/09/2019 16:35;AQUA_M-T;Brasil;DISTRITO FEDERAL;BRASILIA;Cerrado;42;0;1;-15.738;-48.149;30,4;-15,738;-48,149
13/09/2019 16:35;AQUA_M-T;Brasil;DISTRITO FEDERAL;BRASILIA;Cerrado;40;0;1;-15.747;-48.132;35,3;-15,747;-48,132
13/09/2019 16:35;AQUA_M-T;Brasil;DISTRITO FEDERAL;BRASILIA;Cerrado;40;0;1;-15.748;-48.139;46,2;-15,748;-48,139
13/09/2019 16:35;AQUA_M-T;Brasil;DISTRITO FEDERAL;BRASILIA;Cerrado;41;0;1;-15.749;-48.148;36,3;-15,749;-48,148
13/09/2019 16:35;AQUA_M-T;Brasil;DISTRITO FEDERAL;BRASILIA;Cerrado;51;0;1;-15.757;-47.749;30,5;-15,757;-47,749
13/09/2019 16:35;AQUA_M-T;Brasil;DISTRITO FEDERAL;BRASILIA;Cerrado;54;0;1;-15.758;-47.763;42,3;-15,758;-47,763
13/09/2019 16:35;AQUA_M-T;Brasil;DISTRITO FEDERAL;BRASILIA;Cerrado;57;0;1;-15.773;-47,79;300,1;-15,773;-47,79
13/09/2019 16:35;AQUA_M-T;Brasil;DISTRITO FEDERAL;BRASILIA;Cerrado;60;0;1;-15.775;-47.804;107,3;-15,775;-47,804
14/09/2019 17:20;AQUA_M-T;Brasil;DISTRITO FEDERAL;BRASILIA;Cerrado;78;0;1;-15,9;-48.002;65,3;-15,9;-48,002
14/09/2019 17:20;AQUA_M-T;Brasil;DISTRITO FEDERAL;BRASILIA;Cerrado;79;0;1;-15.901;-47.997;96,6;-15,901;-47,997
14/09/2019 17:20;AQUA_M-T;Brasil;DISTRITO FEDERAL;BRASILIA;Cerrado;76;0;1;-15.904;-48.016;62,8;-15,904;-48,016
14/09/2019 17:20;AQUA_M-T;Brasil;DISTRITO FEDERAL;BRASILIA;Cerrado;82;0;1;-15.913;-47.995;38,9;-15,913;-47,995
14/09/2019 17:20;AQUA_M-T;Brasil;DISTRITO FEDERAL;BRASILIA;Cerrado;51;0;1;-15.955;-47,79;19,7;-15,955;-47,79
14/09/2019 17:20;AQUA_M-T;Brasil;DISTRITO FEDERAL;BRASILIA;Cerrado;55;0;1;-15,96;-47.802;17,8;-15,96;-47,802
14/09/2019 17:20;AQUA_M-T;Brasil;DISTRITO FEDERAL;BRASILIA;Cerrado;56;0;1;-15.963;-48.136;31,2;-15,963;-48,136
17/09/2019 16:10;AQUA_M-T;Brasil;DISTRITO FEDERAL;BRASILIA;Cerrado;64;0;1;-15.904;-47,82;548,1;-15,904;-47,82
17/09/2019 16:10;AQUA_M-T;Brasil;DISTRITO FEDERAL;BRASILIA;Cerrado;62;0;1;-15.905;-47.813;524,9;-15,905;-47,813
17/09/2019 16:10;AQUA_M-T;Brasil;DISTRITO FEDERAL;BRASILIA;Cerrado;74;0;1;-15.909;-47.854;95,2;-15,909;-47,854
18/09/2019 16:55;AQUA_M-T;Brasil;DISTRITO FEDERAL;BRASILIA;Cerrado;47;0;1;-15.775;-47.692;21,2;-15,775;-47,692
18/09/2019 16:55;AQUA_M-T;Brasil;DISTRITO FEDERAL;BRASILIA;Cerrado;59;0;1;-15,92;-47,8;37;-15,92;-47,8
18/09/2019 16:55;AQUA_M-T;Brasil;DISTRITO FEDERAL;BRASILIA;Cerrado;61;0;1;-15.921;-47.809;75;-15,921;-47,809
18/09/2019 16:55;AQUA_M-T;Brasil;DISTRITO FEDERAL;BRASILIA;Cerrado;47;0;1;-15.969;-47.631;19,5;-15,969;-47,631
18/09/2019 16:55;AQUA_M-T;Brasil;DISTRITO FEDERAL;BRASILIA;Cerrado;48;0;1;-15,97;-47,64;34,9;-15,97;-47,64
18/09/2019 16:55;AQUA_M-T;Brasil;DISTRITO FEDERAL;BRASILIA;Cerrado;51;0;1;-15.979;-47.638;8,8;-15,979;-47,638
18/09/2019 16:55;AQUA_M-T;Brasil;DISTRITO FEDERAL;BRASILIA;Cerrado;43;0;1;-15.705;-47.522;78,6;-15,705;-47,522
18/09/2019 16:55;AQUA_M-T;Brasil;DISTRITO FEDERAL;BRASILIA;Cerrado;43;0;1;-15.706;-47.532;10;-15,706;-47,532
18/09/2019 16:55;AQUA_M-T;Brasil;DISTRITO FEDERAL;BRASILIA;Cerrado;63;0;1;-15.725;-47.792;47;-15,725;-47,792
20/09/2019 16:40;AQUA_M-T;Brasil;DISTRITO FEDERAL;BRASILIA;Cerrado;56;0;1;-15.959;-47.785;59,2;-15,959;-47,785
20/09/2019 16:40;AQUA_M-T;Brasil;DISTRITO FEDERAL;BRASILIA;Cerrado;52;0;1;-15.703;-47.703;16,8;-15,703;-47,703
15/09/2019 16:25;AQUA_M-T;Brasil;DISTRITO FEDERAL;BRASILIA;Cerrado;53;0;1;-15.662;-48.175;41;-15,662;-48,175
15/09/2019 16:25;AQUA_M-T;Brasil;DISTRITO FEDERAL;BRASILIA;Cerrado;53;0;1;-15.659;-48.149;107,1;-15,659;-48,149
09/09/2019 17:00;AQUA_M-T;Brasil;DISTRITO FEDERAL;BRASILIA;Cerrado;43;0;1;-15.636;-47,72;8,9;-15,636;-47,72
09/09/2019 17:00;AQUA_M-T;Brasil;DISTRITO FEDERAL;BRASILIA;Cerrado;44;0;1;-15.641;-47.723;12,9;-15,641;-47,723
09/09/2019 17:00;AQUA_M-T;Brasil;DISTRITO FEDERAL;BRASILIA;Cerrado;54;0;1;-15.717;-47.906;35,2;-15,717;-47,906
09/09/2019 17:00;AQUA_M-T;Brasil;DISTRITO FEDERAL;BRASILIA;Cerrado;39;0;1;-15.722;-47.689;29,2;-15,722;-47,689
09/09/2019 17:00;AQUA_M-T;Brasil;DISTRITO FEDERAL;BRASILIA;Cerrado;41;0;1;-15.724;-47.699;42,1;-15,724;-47,699
09/09/2019 17:00;AQUA_M-T;Brasil;DISTRITO FEDERAL;BRASILIA;Cerrado;56;0;-999;-15.725;-47.894;22;-15,725;-47,894
09/09/2019 17:00;AQUA_M-T;Brasil;DISTRITO FEDERAL;BRASILIA;Cerrado;54;0;1;-15.726;-47.904;73,3;-15,726;-47,904
09/09/2019 17:00;AQUA_M-T;Brasil;DISTRITO FEDERAL;BRASILIA;Cerrado;63;0;-999;-15.835;-47.951;12,9;-15,835;-47,951
09/09/2019 17:00;AQUA_M-T;Brasil;DISTRITO FEDERAL;BRASILIA;Cerrado;77;0;1;-15.914;-47.993;83,8;-15,914;-47,993
09/09/2019 17:00;AQUA_M-T;Brasil;DISTRITO FEDERAL;BRASILIA;Cerrado;79;0;1;-15.923;-47.991;7,9;-15,923;-47,991
09/09/2019 17:00;AQUA_M-T;Brasil;DISTRITO FEDERAL;BRASILIA;Cerrado;49;0;1;-16,01;-48,14;8,7;-16,01;-48,14
25/09/2019 17:00;AQUA_M-T;Brasil;DISTRITO FEDERAL;BRASILIA;Cerrado;70;0,5;-999;-15.868;-47.815;32;-15,868;-47,815
22/09/2019 16:30;AQUA_M-T;Brasil;DISTRITO FEDERAL;BRASILIA;Cerrado;55;0;1;-15.772;-47.721;43,8;-15,772;-47,721
22/09/2019 16:30;AQUA_M-T;Brasil;DISTRITO FEDERAL;BRASILIA;Cerrado;53;0;1;-15,77;-47.703;85,8;-15,77;-47,703
22/09/2019 16:30;AQUA_M-T;Brasil;DISTRITO FEDERAL;BRASILIA;Cerrado;54;0;1;-15.767;-47.708;112,6;-15,767;-47,708
22/09/2019 16:30;AQUA_M-T;Brasil;DISTRITO FEDERAL;BRASILIA;Cerrado;64;0;1;-15.724;-47.767;16,3;-15,724;-47,767
22/09/2019 16:30;AQUA_M-T;Brasil;DISTRITO FEDERAL;BRASILIA;Cerrado;61;0;1;-15.722;-47.749;26,2;-15,722;-47,749
16/09/2019 17:05;AQUA_M-T;Brasil;DISTRITO FEDERAL;BRASILIA;Cerrado;54;0;1;-15.955;-47.791;25;-15,955;-47,791
16/09/2019 17:05;AQUA_M-T;Brasil;DISTRITO FEDERAL;BRASILIA;Cerrado;51;0;1;-15.963;-47.784;78,1;-15,963;-47,784
16/09/2019 17:05;AQUA_M-T;Brasil;DISTRITO FEDERAL;BRASILIA;Cerrado;55;0;1;-15.965;-47.796;36,9;-15,965;-47,796
16/09/2019 17:05;AQUA_M-T;Brasil;DISTRITO FEDERAL;BRASILIA;Cerrado;51;0;1;-15.611;-47,76;16,3;-15,611;-47,76
16/09/2019 17:05;AQUA_M-T;Brasil;DISTRITO FEDERAL;BRASILIA;Cerrado;56;0;1;-15.646;-47.852;17,8;-15,646;-47,852
16/09/2019 17:05;AQUA_M-T;Brasil;DISTRITO FEDERAL;BRASILIA;Cerrado;61;0;1;-15.691;-47.874;12,4;-15,691;-47,874
16/09/2019 17:05;AQUA_M-T;Brasil;DISTRITO FEDERAL;BRASILIA;Cerrado;60;0;1;-15.692;-47.881;11;-15,692;-47,881
16/09/2019 17:05;AQUA_M-T;Brasil;DISTRITO FEDERAL;BRASILIA;Cerrado;60;0;1;-15.738;-47.781;21,3;-15,738;-47,781
23/09/2019 17:15;AQUA_M-T;Brasil;DISTRITO FEDERAL;BRASILIA;Cerrado;60;0;1;-15.577;-48.135;33,6;-15,577;-48,135
23/09/2019 17:15;AQUA_M-T;Brasil;DISTRITO FEDERAL;BRASILIA;Cerrado;77;0;1;-15.564;-47,92;17,9;-15,564;-47,92
23/09/2019 17:15;AQUA_M-T;Brasil;DISTRITO FEDERAL;BRASILIA;Cerrado;58;0;1;-15.586;-48.119;388,9;-15,586;-48,119
23/09/2019 17:15;AQUA_M-T;Brasil;DISTRITO FEDERAL;BRASILIA;Cerrado;60;0;1;-15.588;-48.133;136,3;-15,588;-48,133
23/09/2019 17:15;AQUA_M-T;Brasil;DISTRITO FEDERAL;BRASILIA;Cerrado;62;0;1;-15.904;-48.153;19;-15,904;-48,153
23/09/2019 17:15;AQUA_M-T;Brasil;DISTRITO FEDERAL;BRASILIA;Cerrado;96;0,1;1;-15.919;-47.974;13,4;-15,919;-47,974
23/09/2019 17:15;AQUA_M-T;Brasil;DISTRITO FEDERAL;BRASILIA;Cerrado;63;0;1;-15.721;-47.756;25,4;-15,721;-47,756
23/09/2019 17:15;AQUA_M-T;Brasil;DISTRITO FEDERAL;BRASILIA;Cerrado;64;0;1;-15.902;-48.139;34,4;-15,902;-48,139
23/09/2019 17:15;AQUA_M-T;Brasil;DISTRITO FEDERAL;BRASILIA;Cerrado;58;0;1;-15.597;-48.117;123,5;-15,597;-48,117
23/09/2019 17:15;AQUA_M-T;Brasil;DISTRITO FEDERAL;BRASILIA;Cerrado;62;0;1;-15.591;-48.147;47,9;-15,591;-48,147
23/09/2019 17:15;AQUA_M-T;Brasil;DISTRITO FEDERAL;BRASILIA;Cerrado;57;0;1;-15.597;-48.112;50,4;-15,597;-48,112
23/09/2019 17:15;AQUA_M-T;Brasil;DISTRITO FEDERAL;BRASILIA;Cerrado;77;0;1;-15.566;-47.925;16,6;-15,566;-47,925
23/09/2019 17:15;AQUA_M-T;Brasil;DISTRITO FEDERAL;BRASILIA;Cerrado;56;0;1;-15.584;-48.105;23,3;-15,584;-48,105
23/09/2019 17:15;AQUA_M-T;Brasil;DISTRITO FEDERAL;BRASILIA;Cerrado;59;0;1;-15.599;-48.126;135,2;-15,599;-48,126
23/09/2019 17:15;AQUA_M-T;Brasil;DISTRITO FEDERAL;BRASILIA;Cerrado;60;0;1;-15.599;-48.132;88,7;-15,599;-48,132
23/09/2019 17:15;AQUA_M-T;Brasil;DISTRITO FEDERAL;BRASILIA;Cerrado;48;0;1;-15.716;-47.519;21,1;-15,716;-47,519
23/09/2019 17:15;AQUA_M-T;Brasil;DISTRITO FEDERAL;BRASILIA;Cerrado;62;0;1;-15.721;-47.746;36,6;-15,721;-47,746
23/09/2019 17:15;AQUA_M-T;Brasil;DISTRITO FEDERAL;BRASILIA;Cerrado;61;0;1;-15.718;-47.741;14,5;-15,718;-47,741
23/09/2019 17:15;AQUA_M-T;Brasil;DISTRITO FEDERAL;BRASILIA;Cerrado;72;0,2;-999;-15.817;-47.984;20,1;-15,817;-47,984
23/09/2019 17:15;AQUA_M-T;Brasil;DISTRITO FEDERAL;BRASILIA;Cerrado;62;0;1;-15,58;-48.148;12,4;-15,58;-48,148
29/09/2019 16:35;AQUA_M-T;Brasil;DISTRITO FEDERAL;BRASILIA;Cerrado;0;2,1;1;-15.991;-48.073;23,7;-15,991;-48,073
04/10/2019 16:55;AQUA_M-T;Brasil;DISTRITO FEDERAL;BRASILIA;Cerrado;4;0;1;-16.047;-48.249;83,9;-16,047;-48,249
04/10/2019 16:55;AQUA_M-T;Brasil;DISTRITO FEDERAL;BRASILIA;Cerrado;4;0;1;-15.685;-47.649;34;-15,685;-47,649
02/10/2019 17:05;AQUA_M-T;Brasil;DISTRITO FEDERAL;BRASILIA;Cerrado;2;0;1;-15.607;-47.889;14,3;-15,607;-47,889
02/10/2019 17:05;AQUA_M-T;Brasil;DISTRITO FEDERAL;BRASILIA;Cerrado;2;0;0,9;-15.717;-47,81;26,6;-15,717;-47,81
02/10/2019 17:05;AQUA_M-T;Brasil;DISTRITO FEDERAL;BRASILIA;Cerrado;2;0;0,9;-15.718;-47.804;47,6;-15,718;-47,804
02/10/2019 17:05;AQUA_M-T;Brasil;DISTRITO FEDERAL;BRASILIA;Cerrado;2;0;0,9;-15.725;-47.796;17,3;-15,725;-47,796
02/10/2019 17:05;AQUA_M-T;Brasil;DISTRITO FEDERAL;BRASILIA;Cerrado;2;0;1;-15.908;-48.105;118,1;-15,908;-48,105
02/10/2019 17:05;AQUA_M-T;Brasil;DISTRITO FEDERAL;BRASILIA;Cerrado;2;0;1;-15,91;-48.117;22,9;-15,91;-48,117
01/10/2019 16:25;AQUA_M-T;Brasil;DISTRITO FEDERAL;BRASILIA;Cerrado;2;0;0,9;-15.973;-47,75;75,6;-15,973;-47,75
01/10/2019 16:25;AQUA_M-T;Brasil;DISTRITO FEDERAL;BRASILIA;Cerrado;2;0;0,9;-15.967;-47.758;88,1;-15,967;-47,758
20/10/2019 16:55;AQUA_M-T;Brasil;DISTRITO FEDERAL;BRASILIA;Cerrado;8;0,1;1;-15.746;-47.682;8,5;-15,746;-47,682
20/10/2019 16:55;AQUA_M-T;Brasil;DISTRITO FEDERAL;BRASILIA;Cerrado;10;0;1;-15.962;-47.778;12,1;-15,962;-47,778
20/10/2019 16:55;AQUA_M-T;Brasil;DISTRITO FEDERAL;BRASILIA;Cerrado;10;0;1;-15,96;-47.769;25,2;-15,96;-47,769
20/10/2019 16:55;AQUA_M-T;Brasil;DISTRITO FEDERAL;BRASILIA;Cerrado;10;0,5;1;-15.775;-47.952;15,3;-15,775;-47,952
20/10/2019 16:55;AQUA_M-T;Brasil;DISTRITO FEDERAL;BRASILIA;Cerrado;10;0;1;-15.971;-47.771;14;-15,971;-47,771
18/10/2019 17:05;AQUA_M-T;Brasil;DISTRITO FEDERAL;BRASILIA;Cerrado;8;0;1;-15.769;-47.961;68,7;-15,769;-47,961
18/10/2019 17:05;AQUA_M-T;Brasil;DISTRITO FEDERAL;BRASILIA;Cerrado;8;0;1;-15.779;-47,96;127,1;-15,779;-47,96
18/10/2019 17:05;AQUA_M-T;Brasil;DISTRITO FEDERAL;BRASILIA;Cerrado;8;0;1;-15,78;-47.971;39,9;-15,78;-47,971
18/10/2019 17:05;AQUA_M-T;Brasil;DISTRITO FEDERAL;BRASILIA;Cerrado;8;0;1;-16.031;-48.266;49,2;-16,031;-48,266
15/10/2019 16:35;AQUA_M-T;Brasil;DISTRITO FEDERAL;BRASILIA;Cerrado;5;0;1;-15.897;-48.238;34,9;-15,897;-48,238
14/10/2019 17:30;AQUA_M-T;Brasil;DISTRITO FEDERAL;BRASILIA;Cerrado;4;0;1;-15.783;-47.977;102,8;-15,783;-47,977
13/10/2019 16:50;AQUA_M-T;Brasil;DISTRITO FEDERAL;BRASILIA;Cerrado;4;0;1;-15.681;-48.128;63,8;-15,681;-48,128
13/10/2019 16:50;AQUA_M-T;Brasil;DISTRITO FEDERAL;BRASILIA;Cerrado;4;0;1;-15.689;-48.117;128,4;-15,689;-48,117
13/10/2019 16:50;AQUA_M-T;Brasil;DISTRITO FEDERAL;BRASILIA;Cerrado;4;0;1;-15.683;-48.138;42,4;-15,683;-48,138
13/10/2019 16:50;AQUA_M-T;Brasil;DISTRITO FEDERAL;BRASILIA;Cerrado;4;0;1;-15,69;-48.127;57;-15,69;-48,127
13/10/2019 16:50;AQUA_M-T;Brasil;DISTRITO FEDERAL;BRASILIA;Cerrado;4;0;0,9;-15.688;-48.107;83,5;-15,688;-48,107
13/10/2019 16:50;AQUA_M-T;Brasil;DISTRITO FEDERAL;BRASILIA;Cerrado;4;0;1;-15.692;-48.136;39,7;-15,692;-48,136
27/06/2019 16:25;AQUA_M-T;Brasil;DISTRITO FEDERAL;BRASILIA;Cerrado;24;0;1;-15.645;-47.951;259;-15,645;-47,951
21/08/2019 16:30;AQUA_M-T;Brasil;DISTRITO FEDERAL;BRASILIA;Cerrado;20;0;1;-15.754;-47.686;57,4;-15,754;-47,686
18/09/2020 17:05;AQUA_M-T;Brasil;DISTRITO FEDERAL;BRASILIA;Cerrado;115;0;1;-16;-47.774;36,1;-16;-47,774
18/09/2020 17:05;AQUA_M-T;Brasil;DISTRITO FEDERAL;BRASILIA;Cerrado;115;0;1;-15,99;-47.776;43,5;-15,99;-47,776
18/09/2020 17:05;AQUA_M-T;Brasil;DISTRITO FEDERAL;BRASILIA;Cerrado;115;0;1;-15.972;-47,73;103,6;-15,972;-47,73
20/09/2020 16:55;AQUA_M-T;Brasil;DISTRITO FEDERAL;BRASILIA;Cerrado;117;0;1;-15.905;-47.568;55;-15,905;-47,568
20/09/2020 16:55;AQUA_M-T;Brasil;DISTRITO FEDERAL;BRASILIA;Cerrado;117;0;1;-15.896;-47.569;82;-15,896;-47,569
20/09/2020 16:55;AQUA_M-T;Brasil;DISTRITO FEDERAL;BRASILIA;Cerrado;117;0;1;-15.895;-47,56;14,1;-15,895;-47,56
20/09/2020 16:55;AQUA_M-T;Brasil;DISTRITO FEDERAL;BRASILIA;Cerrado;117;0;1;-15.887;-47.571;57,2;-15,887;-47,571
20/09/2020 16:55;AQUA_M-T;Brasil;DISTRITO FEDERAL;BRASILIA;Cerrado;117;0;1;-15.889;-47,58;15;-15,889;-47,58
27/09/2020 17:00;AQUA_M-T;Brasil;DISTRITO FEDERAL;BRASILIA;Cerrado;4;0;-999;-15.884;-48.001;9,9;-15,884;-48,001
29/09/2020 16:50;AQUA_M-T;Brasil;DISTRITO FEDERAL;BRASILIA;Cerrado;7;0;1;-15,63;-47.858;13,6;-15,63;-47,858
29/09/2020 16:50;AQUA_M-T;Brasil;DISTRITO FEDERAL;BRASILIA;Cerrado;7;0;1;-15.514;-47.891;20,7;-15,514;-47,891
29/09/2020 16:50;AQUA_M-T;Brasil;DISTRITO FEDERAL;BRASILIA;Cerrado;7;0;1;-15.914;-47.788;32,8;-15,914;-47,788
29/09/2020 16:50;AQUA_M-T;Brasil;DISTRITO FEDERAL;BRASILIA;Cerrado;7;0;1;-15.906;-47.799;30,3;-15,906;-47,799
29/09/2020 16:50;AQUA_M-T;Brasil;DISTRITO FEDERAL;BRASILIA;Cerrado;7;0;1;-15.513;-47.882;32,1;-15,513;-47,882
29/09/2020 16:50;AQUA_M-T;Brasil;DISTRITO FEDERAL;BRASILIA;Cerrado;7;0;1;-15.506;-47.888;17,9;-15,506;-47,888
29/09/2020 16:50;AQUA_M-T;Brasil;DISTRITO FEDERAL;BRASILIA;Cerrado;7;0;1;-15.628;-47.848;15,5;-15,628;-47,848
29/09/2020 16:50;AQUA_M-T;Brasil;DISTRITO FEDERAL;BRASILIA;Cerrado;7;0;1;-15,69;-47.764;41,7;-15,69;-47,764
29/09/2020 16:50;AQUA_M-T;Brasil;DISTRITO FEDERAL;BRASILIA;Cerrado;7;0;1;-15.691;-47.774;13,9;-15,691;-47,774
29/09/2020 16:50;AQUA_M-T;Brasil;DISTRITO FEDERAL;BRASILIA;Cerrado;6;0;1;-15.952;-48.204;15;-15,952;-48,204
29/09/2020 16:50;AQUA_M-T;Brasil;DISTRITO FEDERAL;BRASILIA;Cerrado;6;0;1;-15.942;-48.206;19,7;-15,942;-48,206
29/09/2020 16:50;AQUA_M-T;Brasil;DISTRITO FEDERAL;BRASILIA;Cerrado;6;0;1;-15.503;-48.138;50,8;-15,503;-48,138
29/09/2020 16:50;AQUA_M-T;Brasil;DISTRITO FEDERAL;BRASILIA;Cerrado;7;0;1;-15.915;-47.797;46;-15,915;-47,797
29/09/2020 16:50;AQUA_M-T;Brasil;DISTRITO FEDERAL;BRASILIA;Cerrado;6;0;1;-15.918;-48.168;15,9;-15,918;-48,168
29/09/2020 16:50;AQUA_M-T;Brasil;DISTRITO FEDERAL;BRASILIA;Cerrado;6;0;1;-15,92;-48.178;6,9;-15,92;-48,178
29/09/2020 16:50;AQUA_M-T;Brasil;DISTRITO FEDERAL;BRASILIA;Cerrado;6;0;1;-15.976;-48.242;87,5;-15,976;-48,242
29/09/2020 16:50;AQUA_M-T;Brasil;DISTRITO FEDERAL;BRASILIA;Cerrado;6;0;1;-15.977;-48.252;44;-15,977;-48,252
29/09/2020 16:50;AQUA_M-T;Brasil;DISTRITO FEDERAL;BRASILIA;Cerrado;7;0;1;-15.905;-47.789;18;-15,905;-47,789
01/10/2020 16:35;AQUA_M-T;Brasil;DISTRITO FEDERAL;BRASILIA;Cerrado;9;0;1;-15.904;-47.693;14,1;-15,904;-47,693
01/10/2020 16:35;AQUA_M-T;Brasil;DISTRITO FEDERAL;BRASILIA;Cerrado;8;0;1;-16.036;-48.017;12,9;-16,036;-48,017
01/10/2020 16:35;AQUA_M-T;Brasil;DISTRITO FEDERAL;BRASILIA;Cerrado;8;0;-999;-16.025;-48.018;110;-16,025;-48,018
01/10/2020 16:35;AQUA_M-T;Brasil;DISTRITO FEDERAL;BRASILIA;Cerrado;8;0;1;-16.023;-48.004;114,2;-16,023;-48,004
01/10/2020 16:35;AQUA_M-T;Brasil;DISTRITO FEDERAL;BRASILIA;Cerrado;8;0;1;-15.922;-48.206;15,4;-15,922;-48,206
02/10/2020 17:20;AQUA_M-T;Brasil;DISTRITO FEDERAL;BRASILIA;Cerrado;10;0;1;-15.504;-47,9;135,1;-15,504;-47,9
02/10/2020 17:20;AQUA_M-T;Brasil;DISTRITO FEDERAL;BRASILIA;Cerrado;10;0;1;-15.503;-47.908;31,5;-15,503;-47,908
02/10/2020 17:20;AQUA_M-T;Brasil;DISTRITO FEDERAL;BRASILIA;Cerrado;10;0;1;-15.515;-47.906;47,5;-15,515;-47,906
02/10/2020 17:20;AQUA_M-T;Brasil;DISTRITO FEDERAL;BRASILIA;Cerrado;10;0;1;-15.512;-47.886;85,3;-15,512;-47,886
02/10/2020 17:20;AQUA_M-T;Brasil;DISTRITO FEDERAL;BRASILIA;Cerrado;9;0;1;-15.619;-48.192;100,7;-15,619;-48,192
02/10/2020 17:20;AQUA_M-T;Brasil;DISTRITO FEDERAL;BRASILIA;Cerrado;10;0;1;-15.698;-47.822;18,8;-15,698;-47,822
02/10/2020 17:20;AQUA_M-T;Brasil;DISTRITO FEDERAL;BRASILIA;Cerrado;9;0;1;-15.616;-48.174;166;-15,616;-48,174
02/10/2020 17:20;AQUA_M-T;Brasil;DISTRITO FEDERAL;BRASILIA;Cerrado;10;0;1;-15.699;-47.814;24,4;-15,699;-47,814
02/10/2020 17:20;AQUA_M-T;Brasil;DISTRITO FEDERAL;BRASILIA;Cerrado;9;0;1;-15.953;-47.766;56,7;-15,953;-47,766
02/10/2020 17:20;AQUA_M-T;Brasil;DISTRITO FEDERAL;BRASILIA;Cerrado;9;0;1;-15.954;-47.771;39,3;-15,954;-47,771
02/10/2020 17:20;AQUA_M-T;Brasil;DISTRITO FEDERAL;BRASILIA;Cerrado;9;0;1;-15.997;-48.245;22,1;-15,997;-48,245
04/10/2020 17:05;AQUA_M-T;Brasil;DISTRITO FEDERAL;BRASILIA;Cerrado;12;0;1;-15.525;-47.894;38,4;-15,525;-47,894
04/10/2020 17:05;AQUA_M-T;Brasil;DISTRITO FEDERAL;BRASILIA;Cerrado;12;0;1;-15,57;-47.789;39;-15,57;-47,789
04/10/2020 17:05;AQUA_M-T;Brasil;DISTRITO FEDERAL;BRASILIA;Cerrado;12;0;1;-15.562;-47.802;24,3;-15,562;-47,802
04/10/2020 17:05;AQUA_M-T;Brasil;DISTRITO FEDERAL;BRASILIA;Cerrado;11;0;1;-15,64;-48.173;24,4;-15,64;-48,173
04/10/2020 17:05;AQUA_M-T;Brasil;DISTRITO FEDERAL;BRASILIA;Cerrado;12;0;1;-15,58;-47.788;260,1;-15,58;-47,788
05/10/2020 16:10;AQUA_M-T;Brasil;DISTRITO FEDERAL;BRASILIA;Cerrado;13;0;1;-15,65;-47.885;125,5;-15,65;-47,885
05/10/2020 16:10;AQUA_M-T;Brasil;DISTRITO FEDERAL;BRASILIA;Cerrado;13;0;1;-15,65;-47.889;118,5;-15,65;-47,889
05/10/2020 16:10;AQUA_M-T;Brasil;DISTRITO FEDERAL;BRASILIA;Cerrado;13;0;1;-15.585;-47.774;68,5;-15,585;-47,774
06/10/2020 16:55;AQUA_M-T;Brasil;DISTRITO FEDERAL;BRASILIA;Cerrado;14;0;1;-15.556;-47.804;11,9;-15,556;-47,804
06/10/2020 16:55;AQUA_M-T;Brasil;DISTRITO FEDERAL;BRASILIA;Cerrado;14;0;1;-15.594;-47.817;19,1;-15,594;-47,817
06/10/2020 16:55;AQUA_M-T;Brasil;DISTRITO FEDERAL;BRASILIA;Cerrado;13;0;1;-15.923;-48.248;9,4;-15,923;-48,248
08/10/2020 16:40;AQUA_M-T;Brasil;DISTRITO FEDERAL;BRASILIA;Cerrado;16;0;1;-15.556;-47.779;13,8;-15,556;-47,779
08/10/2020 16:40;AQUA_M-T;Brasil;DISTRITO FEDERAL;BRASILIA;Cerrado;16;0;1;-15.671;-47.734;46,4;-15,671;-47,734
08/10/2020 16:40;AQUA_M-T;Brasil;DISTRITO FEDERAL;BRASILIA;Cerrado;16;0;1;-15.593;-47.762;35,1;-15,593;-47,762
08/10/2020 16:40;AQUA_M-T;Brasil;DISTRITO FEDERAL;BRASILIA;Cerrado;15;0;1;-15.899;-48.002;13,9;-15,899;-48,002
09/10/2020 17:25;AQUA_M-T;Brasil;DISTRITO FEDERAL;BRASILIA;Cerrado;16;0;1;-16.036;-47.943;102,5;-16,036;-47,943
09/10/2020 17:25;AQUA_M-T;Brasil;DISTRITO FEDERAL;BRASILIA;Cerrado;16;0;1;-16.045;-47.949;94,8;-16,045;-47,949
09/10/2020 17:25;AQUA_M-T;Brasil;DISTRITO FEDERAL;BRASILIA;Cerrado;16;0;1;-16.049;-48.088;60,3;-16,049;-48,088
10/10/2020 16:30;AQUA_M-T;Brasil;DISTRITO FEDERAL;BRASILIA;Cerrado;16;1,2;1;-15.988;-48.029;50,9;-15,988;-48,029
13/10/2020 17:00;AQUA_M-T;Brasil;DISTRITO FEDERAL;BRASILIA;Cerrado;2;0,3;1;-15.961;-47.436;16,6;-15,961;-47,436
13/10/2020 17:00;AQUA_M-T;Brasil;DISTRITO FEDERAL;BRASILIA;Cerrado;0;1,8;0,9;-15.692;-47.777;23,1;-15,692;-47,777
15/10/2020 16:50;AQUA_M-T;Brasil;DISTRITO FEDERAL;BRASILIA;Cerrado;0;1,8;1;-15.744;-47.952;13,8;-15,744;-47,952
09/06/2020 16:50;AQUA_M-T;Brasil;DISTRITO FEDERAL;BRASILIA;Cerrado;14;0;1;-15.671;-47.878;4,5;-15,671;-47,878
05/06/2020 17:15;AQUA_M-T;Brasil;DISTRITO FEDERAL;BRASILIA;Cerrado;10;0;0,8;-15.715;-48.021;17;-15,715;-48,021
02/02/2020 16:50;AQUA_M-T;Brasil;DISTRITO FEDERAL;BRASILIA;Cerrado;1;0,4;0,3;-15.615;-47,52;17,4;-15,615;-47,52
13/01/2020 17:15;AQUA_M-T;Brasil;DISTRITO FEDERAL;BRASILIA;Cerrado;4;0;0,1;-16.048;-47,98;33;-16,048;-47,98
19/01/2020 16:35;AQUA_M-T;Brasil;DISTRITO FEDERAL;BRASILIA;Cerrado;7;1,6;-999;-15.871;-47.924;8,7;-15,871;-47,924
18/02/2020 16:50;AQUA_M-T;Brasil;DISTRITO FEDERAL;BRASILIA;Cerrado;0;0,1;0;-15.885;-47.439;6,8;-15,885;-47,439
27/04/2020 17:05;AQUA_M-T;Brasil;DISTRITO FEDERAL;BRASILIA;Cerrado;3;0;0,2;-15.705;-48.079;127,2;-15,705;-48,079
27/04/2020 17:05;AQUA_M-T;Brasil;DISTRITO FEDERAL;BRASILIA;Cerrado;3;0;0,2;-15.707;-48.091;29,2;-15,707;-48,091
27/04/2020 17:05;AQUA_M-T;Brasil;DISTRITO FEDERAL;BRASILIA;Cerrado;3;0;0,2;-15.715;-48.078;48,8;-15,715;-48,078
27/04/2020 17:05;AQUA_M-T;Brasil;DISTRITO FEDERAL;BRASILIA;Cerrado;3;0;0,4;-15.717;-48.089;37,2;-15,717;-48,089
29/04/2020 16:55;AQUA_M-T;Brasil;DISTRITO FEDERAL;BRASILIA;Cerrado;5;0;0,2;-15.698;-48.046;13,5;-15,698;-48,046
01/05/2020 16:40;AQUA_M-T;Brasil;DISTRITO FEDERAL;BRASILIA;Cerrado;8;0;1;-15.937;-47.594;5;-15,937;-47,594
13/05/2020 17:05;AQUA_M-T;Brasil;DISTRITO FEDERAL;BRASILIA;Cerrado;5;0;0,7;-15.735;-48,1;11,2;-15,735;-48,1
11/05/2020 17:20;AQUA_M-T;Brasil;DISTRITO FEDERAL;BRASILIA;Cerrado;2;0;0,4;-15.693;-47.925;22,7;-15,693;-47,925
29/05/2020 17:05;AQUA_M-T;Brasil;DISTRITO FEDERAL;BRASILIA;Cerrado;3;0;0,6;-15.633;-47.469;11,5;-15,633;-47,469
29/05/2020 17:05;AQUA_M-T;Brasil;DISTRITO FEDERAL;BRASILIA;Cerrado;3;0;0,9;-15.631;-47.456;8,6;-15,631;-47,456
04/06/2020 16:30;AQUA_M-T;Brasil;DISTRITO FEDERAL;BRASILIA;Cerrado;9;0;0,8;-15.661;-47.887;10,1;-15,661;-47,887
10/06/2020 17:30;AQUA_M-T;Brasil;DISTRITO FEDERAL;BRASILIA;Cerrado;15;0;0,9;-15.662;-47.915;58,4;-15,662;-47,915
29/11/2020 16:15;AQUA_M-T;Brasil;DISTRITO FEDERAL;BRASILIA;Cerrado;;;;-15,98;-47.416;50,7;-15,98;-47,416
16/12/2020 17:00;AQUA_M-T;Brasil;DISTRITO FEDERAL;BRASILIA;Cerrado;4;0,7;0,7;-15.573;-47.492;14,3;-15,573;-47,492
01/10/2020 16:35;AQUA_M-T;Brasil;DISTRITO FEDERAL;BRASILIA;Cerrado;8;0;1;-16.034;-48.002;20,6;-16,034;-48,002
23/06/2020 17:00;AQUA_M-T;Brasil;DISTRITO FEDERAL;BRASILIA;Cerrado;28;0;1;-15,79;-47.712;6,9;-15,79;-47,712
02/06/2020 16:40;AQUA_M-T;Brasil;DISTRITO FEDERAL;BRASILIA;Cerrado;7;0;0,9;-15.966;-47.677;7,7;-15,966;-47,677
21/06/2020 17:15;AQUA_M-T;Brasil;DISTRITO FEDERAL;BRASILIA;Cerrado;26;0;1;-15,59;-48.023;52,7;-15,59;-48,023
21/06/2020 17:15;AQUA_M-T;Brasil;DISTRITO FEDERAL;BRASILIA;Cerrado;26;0;1;-15.589;-48.017;47,2;-15,589;-48,017
21/06/2020 17:15;AQUA_M-T;Brasil;DISTRITO FEDERAL;BRASILIA;Cerrado;26;0;1;-15.592;-48.031;15,5;-15,592;-48,031
23/06/2020 17:00;AQUA_M-T;Brasil;DISTRITO FEDERAL;BRASILIA;Cerrado;28;0;-999;-15.786;-47.937;23,6;-15,786;-47,937
23/06/2020 17:00;AQUA_M-T;Brasil;DISTRITO FEDERAL;BRASILIA;Cerrado;28;0;-999;-15.788;-47.947;60,5;-15,788;-47,947
02/07/2020 16:55;AQUA_M-T;Brasil;DISTRITO FEDERAL;BRASILIA;Cerrado;37;0,1;1;-15.785;-47.594;6,3;-15,785;-47,594
02/07/2020 16:55;AQUA_M-T;Brasil;DISTRITO FEDERAL;BRASILIA;Cerrado;37;0,1;1;-15.783;-47.585;5,8;-15,783;-47,585
03/07/2020 17:35;AQUA_M-T;Brasil;DISTRITO FEDERAL;BRASILIA;Cerrado;38;0;1;-15.684;-47.736;68,9;-15,684;-47,736
04/07/2020 16:40;AQUA_M-T;Brasil;DISTRITO FEDERAL;BRASILIA;Cerrado;39;0;1;-15.928;-47.988;13,8;-15,928;-47,988
06/07/2020 16:30;AQUA_M-T;Brasil;DISTRITO FEDERAL;BRASILIA;Cerrado;41;0;-999;-15.775;-47.915;17,3;-15,775;-47,915
06/07/2020 16:30;AQUA_M-T;Brasil;DISTRITO FEDERAL;BRASILIA;Cerrado;41;0;1;-15.765;-47.909;23,6;-15,765;-47,909
09/07/2020 17:00;AQUA_M-T;Brasil;DISTRITO FEDERAL;BRASILIA;Cerrado;44;0;1;-15.937;-48.043;11,6;-15,937;-48,043
09/07/2020 17:00;AQUA_M-T;Brasil;DISTRITO FEDERAL;BRASILIA;Cerrado;44;0;-999;-15.864;-47,92;9;-15,864;-47,92
09/07/2020 17:00;AQUA_M-T;Brasil;DISTRITO FEDERAL;BRASILIA;Cerrado;44;0;1;-15.747;-48.066;12,2;-15,747;-48,066
13/07/2020 16:35;AQUA_M-T;Brasil;DISTRITO FEDERAL;BRASILIA;Cerrado;48;0;1;-15.818;-48.199;13,9;-15,818;-48,199
14/07/2020 17:20;AQUA_M-T;Brasil;DISTRITO FEDERAL;BRASILIA;Cerrado;49;0;-999;-15.747;-47.882;24,2;-15,747;-47,882
15/07/2020 16:25;AQUA_M-T;Brasil;DISTRITO FEDERAL;BRASILIA;Cerrado;49;0;1;-15.782;-48.207;49,9;-15,782;-48,207
15/07/2020 16:25;AQUA_M-T;Brasil;DISTRITO FEDERAL;BRASILIA;Cerrado;50;0;1;-15.776;-48.188;16,9;-15,776;-48,188
15/07/2020 16:25;AQUA_M-T;Brasil;DISTRITO FEDERAL;BRASILIA;Cerrado;50;0;1;-15.779;-48.214;19,3;-15,779;-48,214
20/07/2020 16:40;AQUA_M-T;Brasil;DISTRITO FEDERAL;BRASILIA;Cerrado;55;0;1;-15.957;-47.639;12,7;-15,957;-47,639
30/07/2020 17:20;AQUA_M-T;Brasil;DISTRITO FEDERAL;BRASILIA;Cerrado;65;0;1;-15.604;-48.078;20,8;-15,604;-48,078
30/07/2020 17:20;AQUA_M-T;Brasil;DISTRITO FEDERAL;BRASILIA;Cerrado;65;0;1;-15.601;-48.059;22,5;-15,601;-48,059
30/07/2020 17:20;AQUA_M-T;Brasil;DISTRITO FEDERAL;BRASILIA;Cerrado;65;0;1;-15.591;-48,08;21,7;-15,591;-48,08
31/07/2020 16:25;AQUA_M-T;Brasil;DISTRITO FEDERAL;BRASILIA;Cerrado;66;0;1;-15.925;-48.145;76,1;-15,925;-48,145
31/07/2020 16:25;AQUA_M-T;Brasil;DISTRITO FEDERAL;BRASILIA;Cerrado;66;0;1;-15.942;-48.168;41,6;-15,942;-48,168
31/07/2020 16:25;AQUA_M-T;Brasil;DISTRITO FEDERAL;BRASILIA;Cerrado;66;0;0,9;-15,94;-48.143;42,1;-15,94;-48,143
31/07/2020 16:25;AQUA_M-T;Brasil;DISTRITO FEDERAL;BRASILIA;Cerrado;66;0;1;-15,93;-48.165;181,2;-15,93;-48,165
31/07/2020 16:25;AQUA_M-T;Brasil;DISTRITO FEDERAL;BRASILIA;Cerrado;66;0;1;-15.928;-48,17;151,2;-15,928;-48,17
31/07/2020 16:25;AQUA_M-T;Brasil;DISTRITO FEDERAL;BRASILIA;Cerrado;66;0;1;-15.928;-48,14;66,6;-15,928;-48,14
31/07/2020 16:25;AQUA_M-T;Brasil;DISTRITO FEDERAL;BRASILIA;Cerrado;66;0;1;-15.914;-48.172;34,5;-15,914;-48,172
03/08/2020 16:55;AQUA_M-T;Brasil;DISTRITO FEDERAL;BRASILIA;Cerrado;69;0;-999;-15.661;-48.193;16,5;-15,661;-48,193
05/08/2020 16:40;AQUA_M-T;Brasil;DISTRITO FEDERAL;BRASILIA;Cerrado;71;0;-999;-15.925;-48.094;23,8;-15,925;-48,094
10/08/2020 17:00;AQUA_M-T;Brasil;DISTRITO FEDERAL;BRASILIA;Cerrado;77;0;1;-16.005;-47.952;22;-16,005;-47,952
10/08/2020 17:00;AQUA_M-T;Brasil;DISTRITO FEDERAL;BRASILIA;Cerrado;76;0;1;-15.842;-47.715;23,9;-15,842;-47,715
12/08/2020 16:50;AQUA_M-T;Brasil;DISTRITO FEDERAL;BRASILIA;Cerrado;78;0;-999;-15.712;-47.882;8,4;-15,712;-47,882
12/08/2020 16:50;AQUA_M-T;Brasil;DISTRITO FEDERAL;BRASILIA;Cerrado;78;0;-999;-15,71;-47.872;6,6;-15,71;-47,872
16/08/2020 16:22;AQUA_M-T;Brasil;DISTRITO FEDERAL;BRASILIA;Cerrado;82;0,1;1;-156.154.474.262.593;-481.563.897.533.176;;-15,61544743;-48,15638975
15/08/2020 17:20;AQUA_M-T;Brasil;DISTRITO FEDERAL;BRASILIA;Cerrado;81;0;1;-15.907;-48.001;19,2;-15,907;-48,001
18/08/2020 16:07;AQUA_M-T;Brasil;DISTRITO FEDERAL;BRASILIA;Cerrado;84;0;1;-15.771;-47.753;48,8;-15,771;-47,753
19/08/2020 16:49;AQUA_M-T;Brasil;DISTRITO FEDERAL;BRASILIA;Cerrado;71;0;1;-15.932;-48.056;11;-15,932;-48,056
22/08/2020 17:20;AQUA_M-T;Brasil;DISTRITO FEDERAL;BRASILIA;Cerrado;88;0;1;-15.732;-47.783;27,7;-15,732;-47,783
26/08/2020 16:56;AQUA_M-T;Brasil;DISTRITO FEDERAL;BRASILIA;Cerrado;;;;-15.681;-48.213;11,8;-15,681;-48,213
28/08/2020 16:45;AQUA_M-T;Brasil;DISTRITO FEDERAL;BRASILIA;Cerrado;94;0;1;-15.585;-47,97;46;-15,585;-47,97
28/08/2020 16:45;AQUA_M-T;Brasil;DISTRITO FEDERAL;BRASILIA;Cerrado;94;0;1;-15.587;-47.979;13,6;-15,587;-47,979
28/08/2020 16:45;AQUA_M-T;Brasil;DISTRITO FEDERAL;BRASILIA;Cerrado;94;0;1;-15.623;-48.129;13;-15,623;-48,129
28/08/2020 16:45;AQUA_M-T;Brasil;DISTRITO FEDERAL;BRASILIA;Cerrado;94;0;1;-15.624;-48.139;24;-15,624;-48,139
28/08/2020 16:45;AQUA_M-T;Brasil;DISTRITO FEDERAL;BRASILIA;Cerrado;94;0;1;-15.591;-47.963;33,6;-15,591;-47,963
28/08/2020 16:45;AQUA_M-T;Brasil;DISTRITO FEDERAL;BRASILIA;Cerrado;94;0;1;-15.592;-47.973;65,6;-15,592;-47,973
28/08/2020 16:45;AQUA_M-T;Brasil;DISTRITO FEDERAL;BRASILIA;Cerrado;94;0;1;-15.928;-48.209;20,1;-15,928;-48,209
28/08/2020 16:45;AQUA_M-T;Brasil;DISTRITO FEDERAL;BRASILIA;Cerrado;94;0;1;-15,93;-48.219;6,9;-15,93;-48,219
28/08/2020 16:45;AQUA_M-T;Brasil;DISTRITO FEDERAL;BRASILIA;Cerrado;94;0;1;-15.919;-48,21;20;-15,919;-48,21
30/08/2020 16:31;AQUA_M-T;Brasil;DISTRITO FEDERAL;BRASILIA;Cerrado;96;0;-999;-16.041;-47.313;21,1;-16,041;-47,313
04/09/2020 16:55;AQUA_M-T;Brasil;DISTRITO FEDERAL;BRASILIA;Cerrado;96;0;1;-15.937;-48,1;42,4;-15,937;-48,1
04/09/2020 16:55;AQUA_M-T;Brasil;DISTRITO FEDERAL;BRASILIA;Cerrado;101;0;1;-15.711;-47.372;14,6;-15,711;-47,372
06/09/2020 16:40;AQUA_M-T;Brasil;DISTRITO FEDERAL;BRASILIA;Cerrado;104;0;1;-15.981;-47.958;14;-15,981;-47,958
06/09/2020 16:40;AQUA_M-T;Brasil;DISTRITO FEDERAL;BRASILIA;Cerrado;84;0;1;-15.927;-48.012;11,5;-15,927;-48,012
06/09/2020 16:40;AQUA_M-T;Brasil;DISTRITO FEDERAL;BRASILIA;Cerrado;104;0;1;-15.982;-47.963;65,7;-15,982;-47,963
06/09/2020 16:40;AQUA_M-T;Brasil;DISTRITO FEDERAL;BRASILIA;Cerrado;104;0;1;-15.982;-47.969;92,8;-15,982;-47,969
06/09/2020 16:40;AQUA_M-T;Brasil;DISTRITO FEDERAL;BRASILIA;Cerrado;104;0;1;-15.984;-47.981;12,9;-15,984;-47,981
06/09/2020 16:40;AQUA_M-T;Brasil;DISTRITO FEDERAL;BRASILIA;Cerrado;104;0;1;-15.984;-47.974;106,3;-15,984;-47,974
07/09/2020 17:25;AQUA_M-T;Brasil;DISTRITO FEDERAL;BRASILIA;Cerrado;99;0;1;-15.788;-48.144;35,9;-15,788;-48,144
07/09/2020 17:25;AQUA_M-T;Brasil;DISTRITO FEDERAL;BRASILIA;Cerrado;98;0;1;-15.912;-48,13;286,6;-15,912;-48,13
07/09/2020 17:25;AQUA_M-T;Brasil;DISTRITO FEDERAL;BRASILIA;Cerrado;104;0;1;-15.917;-48.153;151,2;-15,917;-48,153
07/09/2020 17:25;AQUA_M-T;Brasil;DISTRITO FEDERAL;BRASILIA;Cerrado;100;0;1;-15.926;-48.127;76,6;-15,926;-48,127
07/09/2020 17:25;AQUA_M-T;Brasil;DISTRITO FEDERAL;BRASILIA;Cerrado;104;0;1;-15,93;-48.151;37,9;-15,93;-48,151
07/09/2020 17:25;AQUA_M-T;Brasil;DISTRITO FEDERAL;BRASILIA;Cerrado;104;0;1;-15.535;-47.487;67,9;-15,535;-47,487
07/09/2020 17:25;AQUA_M-T;Brasil;DISTRITO FEDERAL;BRASILIA;Cerrado;104;0;1;-15.549;-47.479;36;-15,549;-47,479
07/09/2020 17:25;AQUA_M-T;Brasil;DISTRITO FEDERAL;BRASILIA;Cerrado;104;0;1;-15.549;-47.484;29,7;-15,549;-47,484
07/09/2020 17:25;AQUA_M-T;Brasil;DISTRITO FEDERAL;BRASILIA;Cerrado;104;0;1;-15.675;-47.329;37,1;-15,675;-47,329
07/09/2020 17:25;AQUA_M-T;Brasil;DISTRITO FEDERAL;BRASILIA;Cerrado;99;0;1;-15.774;-48.145;47,3;-15,774;-48,145
07/09/2020 17:25;AQUA_M-T;Brasil;DISTRITO FEDERAL;BRASILIA;Cerrado;93;0;-999;-15,78;-48.137;45,2;-15,78;-48,137
07/09/2020 17:25;AQUA_M-T;Brasil;DISTRITO FEDERAL;BRASILIA;Cerrado;104;0;1;-15.784;-48.161;55,6;-15,784;-48,161
08/09/2020 16:30;AQUA_M-T;Brasil;DISTRITO FEDERAL;BRASILIA;Cerrado;105;0;1;-15.949;-48.101;30,2;-15,949;-48,101
08/09/2020 16:30;AQUA_M-T;Brasil;DISTRITO FEDERAL;BRASILIA;Cerrado;100;0;-999;-15.936;-48.103;34,9;-15,936;-48,103
09/09/2020 17:15;AQUA_M-T;Brasil;DISTRITO FEDERAL;BRASILIA;Cerrado;98;0;1;-15.914;-48.123;38,1;-15,914;-48,123
09/09/2020 17:15;AQUA_M-T;Brasil;DISTRITO FEDERAL;BRASILIA;Cerrado;96;0;1;-15.914;-48.117;46,7;-15,914;-48,117
09/09/2020 17:15;AQUA_M-T;Brasil;DISTRITO FEDERAL;BRASILIA;Cerrado;93;0;-999;-15.912;-48.109;10,5;-15,912;-48,109
10/09/2020 16:20;AQUA_M-T;Brasil;DISTRITO FEDERAL;BRASILIA;Cerrado;95;0;1;-15,74;-48.134;65,4;-15,74;-48,134
10/09/2020 16:20;AQUA_M-T;Brasil;DISTRITO FEDERAL;BRASILIA;Cerrado;90;0;1;-15.733;-48.126;84,3;-15,733;-48,126
11/09/2020 17:00;AQUA_M-T;Brasil;DISTRITO FEDERAL;BRASILIA;Cerrado;108;0;1;-15.907;-48.216;8,2;-15,907;-48,216
11/09/2020 17:00;AQUA_M-T;Brasil;DISTRITO FEDERAL;BRASILIA;Cerrado;66;0;1;-15.899;-47.978;18;-15,899;-47,978
11/09/2020 17:00;AQUA_M-T;Brasil;DISTRITO FEDERAL;BRASILIA;Cerrado;108;0;1;-15.867;-47.759;20,6;-15,867;-47,759
11/09/2020 17:00;AQUA_M-T;Brasil;DISTRITO FEDERAL;BRASILIA;Cerrado;108;0;1;-16.016;-47.525;22,1;-16,016;-47,525
11/09/2020 17:00;AQUA_M-T;Brasil;DISTRITO FEDERAL;BRASILIA;Cerrado;108;0;1;-16.014;-47.515;86,5;-16,014;-47,515
11/09/2020 17:00;AQUA_M-T;Brasil;DISTRITO FEDERAL;BRASILIA;Cerrado;108;0;1;-15.983;-47.686;232,2;-15,983;-47,686
11/09/2020 17:00;AQUA_M-T;Brasil;DISTRITO FEDERAL;BRASILIA;Cerrado;108;0;1;-15.981;-47.676;137,4;-15,981;-47,676
11/09/2020 17:00;AQUA_M-T;Brasil;DISTRITO FEDERAL;BRASILIA;Cerrado;108;0;1;-15.973;-47.688;98,6;-15,973;-47,688
11/09/2020 17:00;AQUA_M-T;Brasil;DISTRITO FEDERAL;BRASILIA;Cerrado;108;0;1;-15.972;-47.677;51,9;-15,972;-47,677
11/09/2020 17:00;AQUA_M-T;Brasil;DISTRITO FEDERAL;BRASILIA;Cerrado;76;0;1;-15.911;-47,95;15;-15,911;-47,95
13/09/2020 16:50;AQUA_M-T;Brasil;DISTRITO FEDERAL;BRASILIA;Cerrado;111;0;1;-16.024;-48.098;9,7;-16,024;-48,098
13/09/2020 16:50;AQUA_M-T;Brasil;DISTRITO FEDERAL;BRASILIA;Cerrado;110;0;1;-15.833;-47.653;9,7;-15,833;-47,653
13/09/2020 16:50;AQUA_M-T;Brasil;DISTRITO FEDERAL;BRASILIA;Cerrado;110;0;1;-15.523;-48.001;37,5;-15,523;-48,001
13/09/2020 16:50;AQUA_M-T;Brasil;DISTRITO FEDERAL;BRASILIA;Cerrado;110;0;1;-15.514;-48.002;37,3;-15,514;-48,002
13/09/2020 16:50;AQUA_M-T;Brasil;DISTRITO FEDERAL;BRASILIA;Cerrado;110;0;1;-15.508;-48.009;10,4;-15,508;-48,009
13/09/2020 16:50;AQUA_M-T;Brasil;DISTRITO FEDERAL;BRASILIA;Cerrado;110;0;1;-15.506;-47.999;15,7;-15,506;-47,999
13/09/2020 16:50;AQUA_M-T;Brasil;DISTRITO FEDERAL;BRASILIA;Cerrado;110;0;1;-15.505;-47.989;7,9;-15,505;-47,989
13/09/2020 16:50;AQUA_M-T;Brasil;DISTRITO FEDERAL;BRASILIA;Cerrado;95;0;1;-15.927;-48.067;7,3;-15,927;-48,067
13/09/2020 16:50;AQUA_M-T;Brasil;DISTRITO FEDERAL;BRASILIA;Cerrado;92;0;-999;-15.926;-48.057;16,2;-15,926;-48,057
13/09/2020 16:50;AQUA_M-T;Brasil;DISTRITO FEDERAL;BRASILIA;Cerrado;110;0;1;-15.795;-48,17;10;-15,795;-48,17
13/09/2020 16:50;AQUA_M-T;Brasil;DISTRITO FEDERAL;BRASILIA;Cerrado;78;0;1;-15.778;-48.111;22,5;-15,778;-48,111
13/09/2020 16:50;AQUA_M-T;Brasil;DISTRITO FEDERAL;BRASILIA;Cerrado;70;0;1;-15.777;-48.102;13,2;-15,777;-48,102
13/09/2020 16:50;AQUA_M-T;Brasil;DISTRITO FEDERAL;BRASILIA;Cerrado;110;0;1;-15.683;-48.223;12,4;-15,683;-48,223
13/09/2020 16:50;AQUA_M-T;Brasil;DISTRITO FEDERAL;BRASILIA;Cerrado;110;0;1;-15.643;-48.137;24,1;-15,643;-48,137
13/09/2020 16:50;AQUA_M-T;Brasil;DISTRITO FEDERAL;BRASILIA;Cerrado;110;0;1;-15.642;-48.127;51,8;-15,642;-48,127
13/09/2020 16:50;AQUA_M-T;Brasil;DISTRITO FEDERAL;BRASILIA;Cerrado;110;0;1;-15.557;-48.045;11,7;-15,557;-48,045
13/09/2020 16:50;AQUA_M-T;Brasil;DISTRITO FEDERAL;BRASILIA;Cerrado;110;0;1;-15.549;-48.057;9,3;-15,549;-48,057
15/09/2020 16:35;AQUA_M-T;Brasil;DISTRITO FEDERAL;BRASILIA;Cerrado;112;0;1;-15.778;-48.199;34,3;-15,778;-48,199
15/09/2020 16:35;AQUA_M-T;Brasil;DISTRITO FEDERAL;BRASILIA;Cerrado;112;0;1;-15.624;-47.519;35,6;-15,624;-47,519
30/05/2018 16:30;AQUA_M-T;Brasil;DISTRITO FEDERAL;BRASILIA;Cerrado;9;0,1;1;-16.023;-47.364;20,8;-16,023;-47,364
04/07/2018 17:00;AQUA_M-T;Brasil;DISTRITO FEDERAL;BRASILIA;Cerrado;44;0;1;-15.668;-47.624;7,9;-15,668;-47,624
04/07/2018 17:00;AQUA_M-T;Brasil;DISTRITO FEDERAL;BRASILIA;Cerrado;43;0;1;-15.955;-47.754;116,2;-15,955;-47,754
04/07/2018 17:00;AQUA_M-T;Brasil;DISTRITO FEDERAL;BRASILIA;Cerrado;43;0;1;-15.956;-47.764;71,1;-15,956;-47,764
27/06/2018 16:55;AQUA_M-T;Brasil;DISTRITO FEDERAL;BRASILIA;Cerrado;34;0;-999;-15.799;-47.997;7,4;-15,799;-47,997
22/07/2018 16:50;AQUA_M-T;Brasil;DISTRITO FEDERAL;BRASILIA;Cerrado;62;0;1;-15.621;-47.814;5,8;-15,621;-47,814
22/07/2018 16:50;AQUA_M-T;Brasil;DISTRITO FEDERAL;BRASILIA;Cerrado;6;0;1;-15.738;-48.138;9,9;-15,738;-48,138
22/07/2018 16:50;AQUA_M-T;Brasil;DISTRITO FEDERAL;BRASILIA;Cerrado;14;0;1;-15,94;-48.066;8,8;-15,94;-48,066
10/07/2018 16:25;AQUA_M-T;Brasil;DISTRITO FEDERAL;BRASILIA;Cerrado;50;0;1;-15,61;-48.032;38;-15,61;-48,032
10/07/2018 16:25;AQUA_M-T;Brasil;DISTRITO FEDERAL;BRASILIA;Cerrado;50;0;1;-15.612;-48.057;29,4;-15,612;-48,057
13/07/2018 16:55;AQUA_M-T;Brasil;DISTRITO FEDERAL;BRASILIA;Cerrado;50;0;-999;-15.808;-47.994;6,2;-15,808;-47,994
13/07/2018 16:55;AQUA_M-T;Brasil;DISTRITO FEDERAL;BRASILIA;Cerrado;49;0;-999;-15.799;-47.996;13;-15,799;-47,996
13/07/2018 16:55;AQUA_M-T;Brasil;DISTRITO FEDERAL;BRASILIA;Cerrado;53;0;0,9;-15.662;-48.133;7,3;-15,662;-48,133
13/07/2018 16:55;AQUA_M-T;Brasil;DISTRITO FEDERAL;BRASILIA;Cerrado;53;0;1;-16.037;-47.987;69,8;-16,037;-47,987
13/07/2018 16:55;AQUA_M-T;Brasil;DISTRITO FEDERAL;BRASILIA;Cerrado;53;0;1;-16.039;-47.996;36,2;-16,039;-47,996
16/07/2018 17:25;AQUA_M-T;Brasil;DISTRITO FEDERAL;BRASILIA;Cerrado;55;1,1;0,9;-15.883;-48.241;26,8;-15,883;-48,241
29/07/2018 16:55;AQUA_M-T;Brasil;DISTRITO FEDERAL;BRASILIA;Cerrado;69;0;1;-16.023;-48.202;10,1;-16,023;-48,202
24/07/2018 16:35;AQUA_M-T;Brasil;DISTRITO FEDERAL;BRASILIA;Cerrado;64;0;1;-15.668;-47.563;15,7;-15,668;-47,563
24/07/2018 16:35;AQUA_M-T;Brasil;DISTRITO FEDERAL;BRASILIA;Cerrado;64;0;1;-15.677;-47.548;73,1;-15,677;-47,548
24/07/2018 16:35;AQUA_M-T;Brasil;DISTRITO FEDERAL;BRASILIA;Cerrado;8;0;1;-16.039;-47.987;25,5;-16,039;-47,987
29/07/2018 16:55;AQUA_M-T;Brasil;DISTRITO FEDERAL;BRASILIA;Cerrado;61;0;1;-15.936;-48.241;16,2;-15,936;-48,241
29/07/2018 16:55;AQUA_M-T;Brasil;DISTRITO FEDERAL;BRASILIA;Cerrado;62;0;1;-15.938;-48,25;17,9;-15,938;-48,25
29/07/2018 16:55;AQUA_M-T;Brasil;DISTRITO FEDERAL;BRASILIA;Cerrado;69;0;1;-16.022;-48.193;51;-16,022;-48,193
24/07/2018 16:35;AQUA_M-T;Brasil;DISTRITO FEDERAL;BRASILIA;Cerrado;64;0;1;-15.666;-47,55;193,2;-15,666;-47,55
25/07/2018 17:20;AQUA_M-T;Brasil;DISTRITO FEDERAL;BRASILIA;Cerrado;29;0;1;-15.797;-48.174;23,4;-15,797;-48,174
25/07/2018 17:20;AQUA_M-T;Brasil;DISTRITO FEDERAL;BRASILIA;Cerrado;32;0;1;-15,8;-48.167;30,3;-15,8;-48,167
05/08/2018 17:00;AQUA_M-T;Brasil;DISTRITO FEDERAL;BRASILIA;Cerrado;19;0,1;1;-15.976;-47.747;18,6;-15,976;-47,747
05/08/2018 17:00;AQUA_M-T;Brasil;DISTRITO FEDERAL;BRASILIA;Cerrado;19;0,1;0,9;-15.978;-47.757;21,9;-15,978;-47,757
07/08/2018 16:50;AQUA_M-T;Brasil;DISTRITO FEDERAL;BRASILIA;Cerrado;78;0;1;-15.595;-47.402;13;-15,595;-47,402
07/08/2018 16:50;AQUA_M-T;Brasil;DISTRITO FEDERAL;BRASILIA;Cerrado;11;0;1;-16;-47.742;14,5;-16;-47,742
31/07/2018 16:45;AQUA_M-T;Brasil;DISTRITO FEDERAL;BRASILIA;Cerrado;45;0;1;-15.885;-48.219;23,1;-15,885;-48,219
31/07/2018 16:45;AQUA_M-T;Brasil;DISTRITO FEDERAL;BRASILIA;Cerrado;41;0;1;-15.886;-48.231;11,4;-15,886;-48,231
20/08/2018 16:20;AQUA_M-T;Brasil;DISTRITO FEDERAL;BRASILIA;Cerrado;1;0;1;-15.576;-47.517;86,3;-15,576;-47,517
20/08/2018 16:20;AQUA_M-T;Brasil;DISTRITO FEDERAL;BRASILIA;Cerrado;1;0;1;-15.578;-47.524;85,5;-15,578;-47,524
11/08/2018 16:25;AQUA_M-T;Brasil;DISTRITO FEDERAL;BRASILIA;Cerrado;2;0,1;1;-16.025;-48.247;25,5;-16,025;-48,247
23/08/2018 16:50;AQUA_M-T;Brasil;DISTRITO FEDERAL;BRASILIA;Cerrado;4;0;1;-15.907;-48.213;13,8;-15,907;-48,213
23/08/2018 16:50;AQUA_M-T;Brasil;DISTRITO FEDERAL;BRASILIA;Cerrado;6;0;1;-16.036;-47.547;30,6;-16,036;-47,547
28/08/2018 17:05;AQUA_M-T;Brasil;DISTRITO FEDERAL;BRASILIA;Cerrado;10;0;1;-15.593;-48.187;89,5;-15,593;-48,187
28/08/2018 17:05;AQUA_M-T;Brasil;DISTRITO FEDERAL;BRASILIA;Cerrado;10;0;1;-15.595;-48.199;40,9;-15,595;-48,199
28/08/2018 17:05;AQUA_M-T;Brasil;DISTRITO FEDERAL;BRASILIA;Cerrado;10;0;1;-15.604;-47.662;11,9;-15,604;-47,662
28/08/2018 17:05;AQUA_M-T;Brasil;DISTRITO FEDERAL;BRASILIA;Cerrado;9;0,1;1;-15.754;-47.712;11,7;-15,754;-47,712
03/09/2018 16:30;AQUA_M-T;Brasil;DISTRITO FEDERAL;BRASILIA;Cerrado;16;0;1;-15.633;-47.822;39,6;-15,633;-47,822
03/09/2018 16:30;AQUA_M-T;Brasil;DISTRITO FEDERAL;BRASILIA;Cerrado;15;0;1;-15.677;-48.095;27,7;-15,677;-48,095
02/09/2018 17:25;AQUA_M-T;Brasil;DISTRITO FEDERAL;BRASILIA;Cerrado;14;0;1;-15.743;-47.788;139,5;-15,743;-47,788
06/09/2018 17:00;AQUA_M-T;Brasil;DISTRITO FEDERAL;BRASILIA;Cerrado;17;0;-999;-15.757;-47.879;9,6;-15,757;-47,879
01/09/2018 16:45;AQUA_M-T;Brasil;DISTRITO FEDERAL;BRASILIA;Cerrado;13;0;0,9;-15.881;-48.048;16,4;-15,881;-48,048
01/09/2018 16:45;AQUA_M-T;Brasil;DISTRITO FEDERAL;BRASILIA;Cerrado;13;0;1;-15.975;-48.064;8,2;-15,975;-48,064
01/09/2018 16:45;AQUA_M-T;Brasil;DISTRITO FEDERAL;BRASILIA;Cerrado;13;0;1;-15.976;-48.076;16,1;-15,976;-48,076
30/08/2018 16:55;AQUA_M-T;Brasil;DISTRITO FEDERAL;BRASILIA;Cerrado;13;0;1;-15.922;-47.605;10;-15,922;-47,605
30/08/2018 16:55;AQUA_M-T;Brasil;DISTRITO FEDERAL;BRASILIA;Cerrado;11;0;1;-15.931;-48.051;72,9;-15,931;-48,051
10/09/2018 16:35;AQUA_M-T;Brasil;DISTRITO FEDERAL;BRASILIA;Cerrado;22;0;1;-15.521;-47,9;20,5;-15,521;-47,9
10/09/2018 16:35;AQUA_M-T;Brasil;DISTRITO FEDERAL;BRASILIA;Cerrado;23;0;1;-15.587;-47,87;15;-15,587;-47,87
10/09/2018 16:35;AQUA_M-T;Brasil;DISTRITO FEDERAL;BRASILIA;Cerrado;22;0;1;-15.701;-48.154;13,1;-15,701;-48,154
10/09/2018 16:35;AQUA_M-T;Brasil;DISTRITO FEDERAL;BRASILIA;Cerrado;21;0;1;-16.006;-48.035;17,2;-16,006;-48,035
04/09/2018 17:15;AQUA_M-T;Brasil;DISTRITO FEDERAL;BRASILIA;Cerrado;17;0;1;-15.593;-47.516;32,5;-15,593;-47,516
04/09/2018 17:15;AQUA_M-T;Brasil;DISTRITO FEDERAL;BRASILIA;Cerrado;17;0;1;-15.594;-47.506;25,7;-15,594;-47,506
04/09/2018 17:15;AQUA_M-T;Brasil;DISTRITO FEDERAL;BRASILIA;Cerrado;17;0;1;-15.597;-47.522;13,8;-15,597;-47,522
04/09/2018 17:15;AQUA_M-T;Brasil;DISTRITO FEDERAL;BRASILIA;Cerrado;16;0;1;-15.689;-48.091;20,7;-15,689;-48,091
04/09/2018 17:15;AQUA_M-T;Brasil;DISTRITO FEDERAL;BRASILIA;Cerrado;16;0;1;-15.692;-48.098;12,9;-15,692;-48,098
04/09/2018 17:15;AQUA_M-T;Brasil;DISTRITO FEDERAL;BRASILIA;Cerrado;16;0,1;1;-15.727;-47.762;12;-15,727;-47,762
04/09/2018 17:15;AQUA_M-T;Brasil;DISTRITO FEDERAL;BRASILIA;Cerrado;16;0,1;-999;-15,73;-47.767;12,9;-15,73;-47,767
04/09/2018 17:15;AQUA_M-T;Brasil;DISTRITO FEDERAL;BRASILIA;Cerrado;16;0;1;-15.968;-48.163;13,5;-15,968;-48,163
06/09/2018 17:00;AQUA_M-T;Brasil;DISTRITO FEDERAL;BRASILIA;Cerrado;19;0;1;-15.625;-47.841;7,7;-15,625;-47,841
09/09/2018 17:30;AQUA_M-T;Brasil;DISTRITO FEDERAL;BRASILIA;Cerrado;21;0;1;-15.809;-48.183;53;-15,809;-48,183
09/09/2018 17:30;AQUA_M-T;Brasil;DISTRITO FEDERAL;BRASILIA;Cerrado;21;0;1;-15,81;-48.207;60,9;-15,81;-48,207
09/09/2018 17:30;AQUA_M-T;Brasil;DISTRITO FEDERAL;BRASILIA;Cerrado;21;0;1;-15.814;-48.213;41,7;-15,814;-48,213
05/09/2018 16:20;AQUA_M-T;Brasil;DISTRITO FEDERAL;BRASILIA;Cerrado;19;0;1;-15.795;-47.566;51,5;-15,795;-47,566
05/09/2018 16:20;AQUA_M-T;Brasil;DISTRITO FEDERAL;BRASILIA;Cerrado;19;0;1;-15.798;-47,57;55,5;-15,798;-47,57
05/09/2018 16:20;AQUA_M-T;Brasil;DISTRITO FEDERAL;BRASILIA;Cerrado;17;0;1;-15.753;-47.727;47,6;-15,753;-47,727
08/09/2018 16:50;AQUA_M-T;Brasil;DISTRITO FEDERAL;BRASILIA;Cerrado;21;0;1;-15,58;-47.453;27,8;-15,58;-47,453
08/09/2018 16:50;AQUA_M-T;Brasil;DISTRITO FEDERAL;BRASILIA;Cerrado;21;0;1;-15.582;-47.462;63,6;-15,582;-47,462
08/09/2018 16:50;AQUA_M-T;Brasil;DISTRITO FEDERAL;BRASILIA;Cerrado;22;0;1;-15.831;-47.611;17,3;-15,831;-47,611
08/09/2018 16:50;AQUA_M-T;Brasil;DISTRITO FEDERAL;BRASILIA;Cerrado;22;0;1;-15.832;-47,62;13,6;-15,832;-47,62
08/09/2018 16:50;AQUA_M-T;Brasil;DISTRITO FEDERAL;BRASILIA;Cerrado;22;0;1;-15.833;-47,63;100;-15,833;-47,63
08/09/2018 16:50;AQUA_M-T;Brasil;DISTRITO FEDERAL;BRASILIA;Cerrado;22;0;1;-15.835;-47.639;11,1;-15,835;-47,639
08/09/2018 16:50;AQUA_M-T;Brasil;DISTRITO FEDERAL;BRASILIA;Cerrado;22;0;1;-15.917;-47,63;52,2;-15,917;-47,63
08/09/2018 16:50;AQUA_M-T;Brasil;DISTRITO FEDERAL;BRASILIA;Cerrado;22;0;1;-15.918;-47,64;32,4;-15,918;-47,64
08/09/2018 16:50;AQUA_M-T;Brasil;DISTRITO FEDERAL;BRASILIA;Cerrado;22;0;1;-15.926;-47.629;9,1;-15,926;-47,629
20/09/2018 17:15;AQUA_M-T;Brasil;DISTRITO FEDERAL;BRASILIA;Cerrado;1;2,1;0,3;-15.523;-48.005;30,7;-15,523;-48,005
26/09/2018 16:35;AQUA_M-T;Brasil;DISTRITO FEDERAL;BRASILIA;Cerrado;5;0;1;-15.635;-48.131;43,2;-15,635;-48,131
26/09/2018 16:35;AQUA_M-T;Brasil;DISTRITO FEDERAL;BRASILIA;Cerrado;5;0;0,9;-15.637;-48.146;22,3;-15,637;-48,146
26/09/2018 16:35;AQUA_M-T;Brasil;DISTRITO FEDERAL;BRASILIA;Cerrado;5;0;1;-15.796;-48.237;31,8;-15,796;-48,237
26/09/2018 16:35;AQUA_M-T;Brasil;DISTRITO FEDERAL;BRASILIA;Cerrado;6;0;1;-16.029;-48.179;122,3;-16,029;-48,179
26/09/2018 16:35;AQUA_M-T;Brasil;DISTRITO FEDERAL;BRASILIA;Cerrado;6;0;1;-16.031;-48.194;109,2;-16,031;-48,194
03/05/2018 16:50;AQUA_M-T;Brasil;DISTRITO FEDERAL;BRASILIA;Cerrado;0;0;1;-15.951;-47.777;4,9;-15,951;-47,777
11/07/2018 17:05;AQUA_M-T;Brasil;DISTRITO FEDERAL;BRASILIA;Cerrado;51;0;0,8;-15.653;-48.141;29,3;-15,653;-48,141
11/07/2018 17:05;AQUA_M-T;Brasil;DISTRITO FEDERAL;BRASILIA;Cerrado;51;0;0,9;-15.654;-48.134;28,1;-15,654;-48,134
11/07/2018 17:05;AQUA_M-T;Brasil;DISTRITO FEDERAL;BRASILIA;Cerrado;51;0;0,8;-15.656;-48.145;35,1;-15,656;-48,145
